account_id,company_name,industry,country,region,employees,revenue_band,account_tier
ACC-00001,"Rodriguez, Figueroa and Sanchez",Technology,India,WW,250,$10M-$50M,Tier 1
ACC-00002,Doyle Ltd,Agriculture,Germany,WW,50,$1B+,Tier 2
ACC-00003,"Mcclain, Miller and Henderson",Technology,United States,WW,250,$10M-$50M,Tier 3
ACC-00004,Davis and Sons,Professional Services,United Kingdom,WW,5000,$10M-$50M,Tier 2
ACC-00005,"Guzman, Hoffman and Baldwin",Technology,South Africa,AMEA,5000,$50M-$250M,Tier 2
ACC-00006,"Gardner, Robinson and Lawrence",Financial Services,Singapore,APAC,50,<$10M,Tier 2
ACC-00007,Blake and Sons,Manufacturing,India,WW,500,<$10M,Tier 3
ACC-00008,"Henderson, Ramirez and Lewis",Professional Services,Germany,Europe,5000,<$10M,Tier 3
ACC-00009,Garcia-James,Agriculture,Kenya,AMEA,250,<$10M,Tier 1
ACC-00010,Abbott-Munoz,Manufacturing,India,APAC,250,<$10M,Tier 2
ACC-00011,Blair PLC,Education,Kenya,AMEA,100,$50M-$250M,Tier 2
ACC-00012,Dudley Group,Agriculture,Singapore,APAC,50,$1B+,Tier 3
ACC-00013,Arnold Ltd,Professional Services,Australia,APAC,100,$250M-$1B,Tier 2
ACC-00014,"Mcclure, Ward and Lee",Agriculture,South Africa,AMEA,1000,<$10M,Tier 1
ACC-00015,Williams and Sons,Manufacturing,Australia,WW,500,<$10M,Tier 1
ACC-00016,Galloway-Wyatt,Financial Services,Saudi Arabia,AMEA,5000,$250M-$1B,Tier 1
ACC-00017,James Group,Financial Services,South Africa,AMEA,500,$1B+,Tier 2
ACC-00018,"Flowers, Martin and Kelly",Manufacturing,France,Europe,100,$1B+,Tier 2
ACC-00019,"Adams, Zuniga and Wong",Technology,United States,WW,100,$10M-$50M,Tier 3
ACC-00020,"Reid, Ferguson and Sanchez",Professional Services,Germany,Europe,5000,$250M-$1B,Tier 3
ACC-00021,Gray-Mayo,Professional Services,Netherlands,Europe,25,<$10M,Tier 3
ACC-00022,"Watts, Robinson and Nguyen",Agriculture,Kenya,AMEA,50,$50M-$250M,Tier 2
ACC-00023,Perez Inc,Education,India,APAC,500,$1B+,Tier 1
ACC-00024,Morales-Jones,Agriculture,India,WW,250,$10M-$50M,Tier 2
ACC-00025,"Walter, Edwards and Rios",Professional Services,India,APAC,1000,$250M-$1B,Tier 1
ACC-00026,Wilkerson-Day,Manufacturing,India,WW,250,<$10M,Tier 1
ACC-00027,Baker and Sons,Technology,Australia,WW,50,$1B+,Tier 1
ACC-00028,"Hoffman, Baker and Richards",Agriculture,Japan,APAC,100,$50M-$250M,Tier 3
ACC-00029,"Ross, Robinson and Bright",Financial Services,Italy,Europe,250,$50M-$250M,Tier 2
ACC-00030,"Snyder, Campos and Callahan",Education,Saudi Arabia,AMEA,50,$10M-$50M,Tier 1
ACC-00031,Burton Ltd,Manufacturing,United States,WW,250,$1B+,Tier 1
ACC-00032,Carlson-Cruz,Technology,United States,WW,250,<$10M,Tier 1
ACC-00033,"Ferrell, Rice and Maddox",Technology,South Africa,AMEA,500,$250M-$1B,Tier 1
ACC-00034,Frazier Inc,Agriculture,Japan,APAC,250,$250M-$1B,Tier 2
ACC-00035,"Dyer, Potter and Mack",Technology,India,APAC,5000,$50M-$250M,Tier 2
ACC-00036,Rodriguez-Graham,Education,Germany,Europe,50,<$10M,Tier 2
ACC-00037,Smith-Bowen,Technology,South Africa,AMEA,250,$10M-$50M,Tier 3
ACC-00038,"Baker, Mason and White",Financial Services,Spain,Europe,100,$50M-$250M,Tier 2
ACC-00039,Harrell LLC,Technology,Japan,APAC,50,<$10M,Tier 3
ACC-00040,"Romero, Gonzalez and Brooks",Technology,United Kingdom,WW,100,$250M-$1B,Tier 2
ACC-00041,Ryan PLC,Financial Services,Spain,Europe,25,$10M-$50M,Tier 2
ACC-00042,George Group,Education,India,WW,10000,$50M-$250M,Tier 2
ACC-00043,Rodriguez LLC,Financial Services,France,Europe,500,$10M-$50M,Tier 1
ACC-00044,Allen-Allen,Agriculture,India,WW,25,<$10M,Tier 3
ACC-00045,"Arroyo, Miller and Tucker",Professional Services,Italy,Europe,100,<$10M,Tier 3
ACC-00046,Spence PLC,Financial Services,United States,WW,50,$10M-$50M,Tier 2
ACC-00047,Anderson Group,Professional Services,United Kingdom,WW,25,$1B+,Tier 1
ACC-00048,"Martin, Rose and Obrien",Agriculture,Italy,Europe,1000,$50M-$250M,Tier 1
ACC-00049,Hickman Ltd,Financial Services,Kenya,AMEA,5000,$10M-$50M,Tier 3
ACC-00050,"Harris, Collins and Carney",Education,Kenya,AMEA,50,<$10M,Tier 2
ACC-00051,"Brooks, Lam and Hayes",Technology,Germany,WW,250,$1B+,Tier 2
ACC-00052,Walker LLC,Manufacturing,India,APAC,250,$50M-$250M,Tier 2
ACC-00053,Chapman and Sons,Education,Singapore,APAC,25,$1B+,Tier 2
ACC-00054,"Robinson, Jones and Welch",Financial Services,India,WW,50,<$10M,Tier 3
ACC-00055,Jones Inc,Manufacturing,Singapore,APAC,250,$50M-$250M,Tier 1
ACC-00056,Jones-Young,Professional Services,Saudi Arabia,AMEA,500,<$10M,Tier 1
ACC-00057,"Washington, Ryan and Cummings",Manufacturing,Germany,Europe,25,$50M-$250M,Tier 1
ACC-00058,"Johnston, Sanchez and Kennedy",Financial Services,Saudi Arabia,AMEA,5000,$1B+,Tier 1
ACC-00059,Lee-Davis,Technology,United Kingdom,WW,25,$50M-$250M,Tier 3
ACC-00060,Gomez-Jenkins,Education,Australia,APAC,25,$50M-$250M,Tier 2
ACC-00061,"Brown, Valdez and Lucas",Manufacturing,United Kingdom,WW,250,<$10M,Tier 2
ACC-00062,Powell LLC,Professional Services,France,Europe,250,$10M-$50M,Tier 1
ACC-00063,Wright and Sons,Technology,France,Europe,1000,$250M-$1B,Tier 3
ACC-00064,"West, Henderson and Ramirez",Manufacturing,Australia,APAC,50,$250M-$1B,Tier 1
ACC-00065,Baxter Inc,Financial Services,France,Europe,10000,$50M-$250M,Tier 2
ACC-00066,Morton-Chase,Financial Services,India,APAC,250,$250M-$1B,Tier 2
ACC-00067,Williams PLC,Technology,Kenya,AMEA,1000,$1B+,Tier 2
ACC-00068,Novak and Sons,Technology,United Arab Emirates,AMEA,500,$10M-$50M,Tier 3
ACC-00069,Russell Group,Technology,United Arab Emirates,AMEA,5000,$50M-$250M,Tier 3
ACC-00070,Hancock Inc,Education,United Arab Emirates,AMEA,5000,$1B+,Tier 1
ACC-00071,Gray Group,Technology,Saudi Arabia,AMEA,25,$1B+,Tier 3
ACC-00072,House-Glover,Manufacturing,Japan,APAC,50,$50M-$250M,Tier 3
ACC-00073,Henderson-Bernard,Agriculture,United Arab Emirates,AMEA,500,$1B+,Tier 2
ACC-00074,"Stanley, Tucker and Lee",Manufacturing,Spain,Europe,500,$1B+,Tier 1
ACC-00075,Novak PLC,Education,Japan,APAC,100,$1B+,Tier 3
ACC-00076,"Daniels, Adkins and Brown",Education,United Arab Emirates,AMEA,500,$50M-$250M,Tier 1
ACC-00077,"Woods, Calhoun and Schmidt",Professional Services,Italy,Europe,1000,$250M-$1B,Tier 2
ACC-00078,Yu Inc,Agriculture,France,Europe,10000,$10M-$50M,Tier 3
ACC-00079,Jones Inc,Manufacturing,Germany,WW,1000,<$10M,Tier 1
ACC-00080,"Hensley, Powell and David",Financial Services,South Africa,AMEA,100,<$10M,Tier 1
ACC-00081,"Sanchez, Wheeler and Harvey",Education,India,APAC,10000,$250M-$1B,Tier 3
ACC-00082,Sandoval-Cunningham,Agriculture,Japan,APAC,10000,$250M-$1B,Tier 1
ACC-00083,Donovan-Harris,Agriculture,India,APAC,50,$250M-$1B,Tier 1
ACC-00084,"Edwards, Baker and Anderson",Agriculture,Japan,APAC,25,$1B+,Tier 1
ACC-00085,"Evans, Stewart and Walton",Education,United Kingdom,WW,10000,$1B+,Tier 3
ACC-00086,Smith PLC,Education,Saudi Arabia,AMEA,10000,$10M-$50M,Tier 3
ACC-00087,"Ferrell, Jones and Lewis",Education,Netherlands,Europe,250,$50M-$250M,Tier 3
ACC-00088,Anderson-Bailey,Agriculture,France,Europe,500,$250M-$1B,Tier 1
ACC-00089,Suarez LLC,Financial Services,Kenya,AMEA,1000,$50M-$250M,Tier 3
ACC-00090,Moore-Bass,Financial Services,United Kingdom,WW,250,$250M-$1B,Tier 3
ACC-00091,"Turner, Riggs and Roman",Agriculture,Australia,APAC,50,$250M-$1B,Tier 2
ACC-00092,"Smith, Montoya and Evans",Professional Services,Saudi Arabia,AMEA,5000,<$10M,Tier 1
ACC-00093,"Garcia, Humphrey and Baker",Education,Italy,Europe,25,$1B+,Tier 2
ACC-00094,Newton and Sons,Technology,Netherlands,Europe,500,$250M-$1B,Tier 2
ACC-00095,Campbell-Clark,Education,Australia,APAC,500,$250M-$1B,Tier 2
ACC-00096,Harris-Walters,Education,India,WW,5000,$10M-$50M,Tier 2
ACC-00097,Wagner-King,Professional Services,India,APAC,5000,$1B+,Tier 3
ACC-00098,Davis Group,Technology,Australia,WW,100,$250M-$1B,Tier 1
ACC-00099,Williams-Cook,Manufacturing,Australia,WW,1000,$10M-$50M,Tier 2
ACC-00100,Walsh LLC,Manufacturing,Saudi Arabia,AMEA,500,$250M-$1B,Tier 2
ACC-00101,Figueroa PLC,Education,United States,WW,25,$50M-$250M,Tier 1
ACC-00102,"Patterson, Smith and Jones",Agriculture,United States,WW,25,$10M-$50M,Tier 1
ACC-00103,"Mckee, Gardner and Davenport",Professional Services,United Kingdom,WW,250,$10M-$50M,Tier 2
ACC-00104,"Tran, Jordan and Williams",Professional Services,United Kingdom,WW,10000,$50M-$250M,Tier 2
ACC-00105,Nolan-Flynn,Professional Services,India,APAC,100,$50M-$250M,Tier 1
ACC-00106,Nolan and Sons,Manufacturing,Germany,WW,5000,$250M-$1B,Tier 3
ACC-00107,"Wright, Garcia and Deleon",Technology,Australia,APAC,50,$50M-$250M,Tier 3
ACC-00108,Dickson-Brady,Professional Services,United States,WW,1000,$1B+,Tier 2
ACC-00109,Hancock and Sons,Technology,Kenya,AMEA,25,$250M-$1B,Tier 2
ACC-00110,Johnson-Doyle,Education,India,WW,10000,$10M-$50M,Tier 2
ACC-00111,Patton-Jenkins,Agriculture,Singapore,APAC,10000,$250M-$1B,Tier 2
ACC-00112,"Shields, Cochran and Adams",Manufacturing,South Africa,AMEA,50,$50M-$250M,Tier 2
ACC-00113,"Rodriguez, Brennan and Garrison",Education,Japan,APAC,1000,<$10M,Tier 2
ACC-00114,Gonzalez Group,Financial Services,Saudi Arabia,AMEA,250,$50M-$250M,Tier 2
ACC-00115,Torres-Pope,Manufacturing,Kenya,AMEA,25,$1B+,Tier 1
ACC-00116,Walker Ltd,Financial Services,Australia,WW,10000,$1B+,Tier 1
ACC-00117,Ross LLC,Agriculture,Spain,Europe,10000,<$10M,Tier 1
ACC-00118,Rasmussen LLC,Financial Services,Saudi Arabia,AMEA,250,$50M-$250M,Tier 3
ACC-00119,May-Ross,Education,Kenya,AMEA,5000,$1B+,Tier 2
ACC-00120,"Rivera, Johnson and Wiley",Agriculture,Saudi Arabia,AMEA,500,$50M-$250M,Tier 2
ACC-00121,White-Estes,Technology,Australia,APAC,1000,<$10M,Tier 3
ACC-00122,Johnson-Carlson,Financial Services,Australia,APAC,10000,$50M-$250M,Tier 3
ACC-00123,Chandler-Edwards,Technology,South Africa,AMEA,500,$10M-$50M,Tier 2
ACC-00124,"Joyce, Wilson and Lam",Manufacturing,India,APAC,100,$50M-$250M,Tier 1
ACC-00125,Scott Ltd,Professional Services,India,WW,100,$250M-$1B,Tier 1
ACC-00126,Smith-Frost,Professional Services,India,WW,10000,$250M-$1B,Tier 2
ACC-00127,"Mcdaniel, Bentley and Mclaughlin",Financial Services,United Arab Emirates,AMEA,500,$250M-$1B,Tier 1
ACC-00128,Diaz Inc,Education,Australia,WW,50,$1B+,Tier 3
ACC-00129,"Mccall, Hanson and Alvarado",Financial Services,United Kingdom,WW,500,<$10M,Tier 1
ACC-00130,Cortez LLC,Professional Services,Australia,WW,250,$1B+,Tier 2
ACC-00131,"Parker, Ortiz and Powell",Education,Netherlands,Europe,5000,$50M-$250M,Tier 3
ACC-00132,Spencer-Lee,Professional Services,United States,WW,250,$10M-$50M,Tier 2
ACC-00133,"Bentley, Byrd and Orr",Financial Services,United Kingdom,WW,100,$1B+,Tier 1
ACC-00134,"Carroll, Sullivan and Bass",Technology,Japan,APAC,10000,$1B+,Tier 2
ACC-00135,Mitchell-Jordan,Technology,South Africa,AMEA,500,$50M-$250M,Tier 3
ACC-00136,"Lawson, Morris and Ramos",Technology,France,Europe,500,$1B+,Tier 3
ACC-00137,"Lewis, Kennedy and Santana",Education,India,APAC,250,$10M-$50M,Tier 2
ACC-00138,"Jackson, Miller and Robertson",Technology,India,APAC,100,$50M-$250M,Tier 3
ACC-00139,"Harvey, Davis and Crane",Education,United Arab Emirates,AMEA,10000,$50M-$250M,Tier 3
ACC-00140,Chambers and Sons,Manufacturing,Italy,Europe,10000,$250M-$1B,Tier 1
ACC-00141,Hernandez Inc,Education,India,WW,500,<$10M,Tier 1
ACC-00142,Riggs PLC,Agriculture,India,APAC,500,$1B+,Tier 1
ACC-00143,Gibson Ltd,Education,Japan,APAC,500,$10M-$50M,Tier 3
ACC-00144,"Lee, Horton and Snyder",Agriculture,Spain,Europe,50,$250M-$1B,Tier 2
ACC-00145,Hernandez Ltd,Manufacturing,Netherlands,Europe,50,$10M-$50M,Tier 2
ACC-00146,Stafford Inc,Agriculture,Spain,Europe,500,$250M-$1B,Tier 3
ACC-00147,Robinson-Brock,Education,United States,WW,1000,$50M-$250M,Tier 2
ACC-00148,"Holmes, Williams and Wright",Education,Germany,WW,25,$1B+,Tier 2
ACC-00149,Bryant Group,Technology,France,Europe,1000,$1B+,Tier 2
ACC-00150,"Schmidt, Hansen and Stewart",Technology,France,Europe,500,$1B+,Tier 1
ACC-00151,Salazar-Ball,Education,Saudi Arabia,AMEA,50,<$10M,Tier 3
ACC-00152,"Simmons, Meadows and Griffin",Agriculture,Australia,APAC,500,$1B+,Tier 1
ACC-00153,Manning Group,Technology,France,Europe,50,$250M-$1B,Tier 1
ACC-00154,Green-Wright,Education,Singapore,APAC,500,$250M-$1B,Tier 2
ACC-00155,"Ramirez, Strickland and Washington",Financial Services,Spain,Europe,100,$250M-$1B,Tier 1
ACC-00156,Hill Inc,Technology,Singapore,APAC,5000,$50M-$250M,Tier 3
ACC-00157,"Mitchell, Nelson and Flores",Technology,Kenya,AMEA,500,$1B+,Tier 3
ACC-00158,"Miller, Hernandez and Reyes",Financial Services,Spain,Europe,10000,$50M-$250M,Tier 2
ACC-00159,Mccarthy Inc,Education,Netherlands,Europe,250,$10M-$50M,Tier 3
ACC-00160,Russell-Daniels,Financial Services,Spain,Europe,25,$50M-$250M,Tier 3
ACC-00161,Brown-Wall,Agriculture,Spain,Europe,5000,$10M-$50M,Tier 2
ACC-00162,Stein-Silva,Financial Services,Germany,WW,1000,<$10M,Tier 2
ACC-00163,"Smith, Gilmore and Johnston",Professional Services,Australia,WW,25,$10M-$50M,Tier 2
ACC-00164,Smith-Bell,Technology,Japan,APAC,500,$50M-$250M,Tier 3
ACC-00165,Castaneda-Ashley,Agriculture,Germany,Europe,1000,$1B+,Tier 2
ACC-00166,Medina-Navarro,Agriculture,Saudi Arabia,AMEA,25,$1B+,Tier 1
ACC-00167,"Hurst, Freeman and Nelson",Agriculture,Singapore,APAC,250,<$10M,Tier 2
ACC-00168,Johnson-Rogers,Agriculture,United States,WW,10000,$10M-$50M,Tier 3
ACC-00169,"Yates, Ramsey and Pittman",Technology,United Arab Emirates,AMEA,1000,<$10M,Tier 2
ACC-00170,Hooper PLC,Manufacturing,Saudi Arabia,AMEA,100,$10M-$50M,Tier 3
ACC-00171,Meadows PLC,Professional Services,France,Europe,100,$10M-$50M,Tier 1
ACC-00172,"Alvarado, Miller and Patterson",Professional Services,France,Europe,10000,$1B+,Tier 1
ACC-00173,White-Green,Education,Singapore,APAC,10000,$50M-$250M,Tier 3
ACC-00174,Lewis-Murphy,Education,India,WW,100,<$10M,Tier 2
ACC-00175,Ramirez-Bean,Professional Services,Kenya,AMEA,5000,$50M-$250M,Tier 2
ACC-00176,King-Miller,Financial Services,Saudi Arabia,AMEA,10000,<$10M,Tier 1
ACC-00177,Curry Inc,Professional Services,Netherlands,Europe,500,$50M-$250M,Tier 1
ACC-00178,Walker-Jones,Manufacturing,Germany,Europe,25,$1B+,Tier 3
ACC-00179,"Williams, Johnson and Wright",Manufacturing,France,Europe,1000,$10M-$50M,Tier 3
ACC-00180,Howell and Sons,Professional Services,Singapore,APAC,100,<$10M,Tier 3
ACC-00181,Wells Inc,Manufacturing,Australia,WW,25,$1B+,Tier 2
ACC-00182,"Gould, Marshall and Scott",Technology,Singapore,APAC,1000,$250M-$1B,Tier 1
ACC-00183,Jackson-Lawson,Financial Services,Singapore,APAC,500,$10M-$50M,Tier 2
ACC-00184,"Higgins, Strickland and Martin",Manufacturing,Netherlands,Europe,50,$250M-$1B,Tier 1
ACC-00185,Rodriguez-Johnson,Financial Services,Japan,APAC,1000,<$10M,Tier 2
ACC-00186,Johnston-Odonnell,Manufacturing,Germany,WW,50,$250M-$1B,Tier 2
ACC-00187,Sanders-Espinoza,Professional Services,Saudi Arabia,AMEA,1000,<$10M,Tier 3
ACC-00188,Vargas Ltd,Education,India,APAC,1000,$1B+,Tier 1
ACC-00189,Garcia LLC,Agriculture,Australia,WW,500,$250M-$1B,Tier 1
ACC-00190,"Burke, Martinez and Riggs",Technology,India,APAC,500,$250M-$1B,Tier 1
ACC-00191,Reed Group,Financial Services,Germany,WW,100,$250M-$1B,Tier 2
ACC-00192,"Wood, Hunter and Peterson",Agriculture,Saudi Arabia,AMEA,100,$250M-$1B,Tier 3
ACC-00193,Short-Garcia,Education,Germany,WW,5000,$50M-$250M,Tier 1
ACC-00194,Reid-Poole,Financial Services,Saudi Arabia,AMEA,10000,$10M-$50M,Tier 2
ACC-00195,"Hernandez, Thompson and Boyd",Agriculture,India,WW,1000,<$10M,Tier 2
ACC-00196,"Nelson, Morton and Medina",Financial Services,United Arab Emirates,AMEA,10000,<$10M,Tier 3
ACC-00197,Marshall-Petersen,Agriculture,India,APAC,25,$50M-$250M,Tier 1
ACC-00198,"Adams, Christian and Rivas",Professional Services,Australia,APAC,50,$1B+,Tier 1
ACC-00199,Ramirez Group,Financial Services,Singapore,APAC,100,$1B+,Tier 1
ACC-00200,Christensen PLC,Financial Services,South Africa,AMEA,500,$10M-$50M,Tier 1
ACC-00201,"Barnett, Rogers and Snyder",Financial Services,United States,WW,1000,$10M-$50M,Tier 3
ACC-00202,White-Lewis,Technology,South Africa,AMEA,500,<$10M,Tier 1
ACC-00203,Peterson-Beard,Professional Services,Germany,Europe,50,$250M-$1B,Tier 2
ACC-00204,"Beard, Peters and Black",Professional Services,United Arab Emirates,AMEA,10000,$1B+,Tier 1
ACC-00205,Miller Ltd,Agriculture,Germany,WW,500,$250M-$1B,Tier 3
ACC-00206,Freeman-Chang,Technology,Australia,WW,5000,$250M-$1B,Tier 3
ACC-00207,"Alvarez, Joseph and West",Education,Australia,WW,50,<$10M,Tier 2
ACC-00208,Davis and Sons,Technology,Australia,APAC,500,$1B+,Tier 3
ACC-00209,Holt-Torres,Education,Kenya,AMEA,10000,$1B+,Tier 3
ACC-00210,"Wood, Tran and Cooper",Technology,Germany,Europe,250,$250M-$1B,Tier 2
ACC-00211,"Pierce, Bell and Chavez",Education,Singapore,APAC,10000,$250M-$1B,Tier 2
ACC-00212,King-Martinez,Manufacturing,Australia,WW,1000,$50M-$250M,Tier 2
ACC-00213,Stewart Ltd,Agriculture,Japan,APAC,50,<$10M,Tier 1
ACC-00214,"Tapia, Vaughn and Lee",Education,United States,WW,1000,$10M-$50M,Tier 3
ACC-00215,"Washington, Hardy and Bray",Professional Services,Germany,WW,1000,<$10M,Tier 2
ACC-00216,"Carlson, Hooper and Wall",Agriculture,Saudi Arabia,AMEA,25,$50M-$250M,Tier 3
ACC-00217,Perez-White,Manufacturing,United Arab Emirates,AMEA,250,$10M-$50M,Tier 3
ACC-00218,Erickson and Sons,Financial Services,Germany,Europe,1000,$1B+,Tier 2
ACC-00219,Williams-Brown,Manufacturing,Germany,WW,250,$250M-$1B,Tier 3
ACC-00220,Terry-Martinez,Professional Services,India,WW,25,$10M-$50M,Tier 2
ACC-00221,Garcia-Smith,Manufacturing,Kenya,AMEA,25,$10M-$50M,Tier 1
ACC-00222,Harrison-Alexander,Technology,France,Europe,25,<$10M,Tier 3
ACC-00223,Sheppard LLC,Education,Japan,APAC,10000,$50M-$250M,Tier 1
ACC-00224,Wilson-Jones,Manufacturing,Kenya,AMEA,50,<$10M,Tier 1
ACC-00225,Jones-Soto,Professional Services,India,APAC,50,$50M-$250M,Tier 2
ACC-00226,Hernandez PLC,Education,Italy,Europe,10000,$250M-$1B,Tier 2
ACC-00227,Miller-Wright,Professional Services,India,APAC,1000,$250M-$1B,Tier 1
ACC-00228,"Duran, Obrien and Gibbs",Agriculture,Saudi Arabia,AMEA,500,<$10M,Tier 1
ACC-00229,Rowe Group,Professional Services,Germany,Europe,25,$10M-$50M,Tier 2
ACC-00230,Kerr-Evans,Financial Services,Singapore,APAC,500,$50M-$250M,Tier 1
ACC-00231,"Branch, Torres and Oliver",Education,Australia,WW,100,$10M-$50M,Tier 2
ACC-00232,"Choi, Garcia and Farmer",Professional Services,Singapore,APAC,50,$250M-$1B,Tier 3
ACC-00233,"Clark, Guerrero and Moore",Education,United States,WW,10000,<$10M,Tier 2
ACC-00234,Arnold and Sons,Professional Services,Spain,Europe,5000,$50M-$250M,Tier 1
ACC-00235,Ortiz Ltd,Technology,Netherlands,Europe,100,$1B+,Tier 2
ACC-00236,"Harrison, Johnson and Roberts",Technology,Saudi Arabia,AMEA,50,$10M-$50M,Tier 2
ACC-00237,Warner-Gibson,Professional Services,Germany,Europe,5000,$50M-$250M,Tier 3
ACC-00238,"Hall, Baker and Moody",Financial Services,Kenya,AMEA,100,<$10M,Tier 3
ACC-00239,"Guerrero, Peck and Coleman",Professional Services,Germany,WW,250,$50M-$250M,Tier 2
ACC-00240,"Walker, Hernandez and Baker",Financial Services,India,APAC,100,$50M-$250M,Tier 1
ACC-00241,Jones and Sons,Professional Services,Australia,APAC,50,$10M-$50M,Tier 3
ACC-00242,Larson-Holloway,Education,Italy,Europe,10000,$1B+,Tier 3
ACC-00243,Gonzales-Harrison,Agriculture,Kenya,AMEA,100,$250M-$1B,Tier 1
ACC-00244,Lyons-Bender,Education,Netherlands,Europe,500,$1B+,Tier 1
ACC-00245,"Fernandez, Kim and George",Professional Services,United Arab Emirates,AMEA,500,$250M-$1B,Tier 2
ACC-00246,Navarro-Munoz,Technology,India,WW,500,<$10M,Tier 3
ACC-00247,Davis Ltd,Professional Services,Germany,WW,5000,$250M-$1B,Tier 3
ACC-00248,"Matthews, Smith and Hubbard",Education,Germany,WW,250,$50M-$250M,Tier 3
ACC-00249,Johnston-Hines,Professional Services,France,Europe,25,$250M-$1B,Tier 1
ACC-00250,Ruiz Ltd,Agriculture,United Arab Emirates,AMEA,100,<$10M,Tier 1
ACC-00251,Moon-White,Education,Italy,Europe,100,$50M-$250M,Tier 2
ACC-00252,"Graham, Olsen and Costa",Education,Saudi Arabia,AMEA,1000,$1B+,Tier 1
ACC-00253,Bailey-Cook,Technology,Kenya,AMEA,50,$1B+,Tier 3
ACC-00254,"Garcia, Martin and Jenkins",Manufacturing,Netherlands,Europe,100,$50M-$250M,Tier 1
ACC-00255,Roberts-Landry,Manufacturing,Singapore,APAC,5000,$10M-$50M,Tier 3
ACC-00256,"Johnson, Miller and King",Manufacturing,Germany,WW,5000,$50M-$250M,Tier 1
ACC-00257,Cordova Group,Agriculture,Australia,WW,1000,<$10M,Tier 2
ACC-00258,"Bryan, Smith and Booth",Financial Services,South Africa,AMEA,1000,$250M-$1B,Tier 1
ACC-00259,Gutierrez-Lopez,Financial Services,Australia,APAC,50,$50M-$250M,Tier 1
ACC-00260,Dean-Jimenez,Agriculture,India,WW,100,$1B+,Tier 2
ACC-00261,Wolf-Harris,Financial Services,Australia,APAC,100,$250M-$1B,Tier 1
ACC-00262,"Anderson, Roberts and Gilmore",Manufacturing,France,Europe,10000,$1B+,Tier 2
ACC-00263,Martinez-Dudley,Financial Services,Italy,Europe,250,$50M-$250M,Tier 2
ACC-00264,"Lloyd, Mckinney and Collins",Manufacturing,Japan,APAC,10000,$50M-$250M,Tier 2
ACC-00265,Tran Inc,Financial Services,France,Europe,100,$50M-$250M,Tier 1
ACC-00266,Gay Inc,Manufacturing,Italy,Europe,50,$1B+,Tier 1
ACC-00267,Valentine-Holland,Technology,South Africa,AMEA,500,$250M-$1B,Tier 3
ACC-00268,Jimenez Ltd,Education,India,APAC,250,$250M-$1B,Tier 2
ACC-00269,Hicks-Hill,Education,United States,WW,5000,$1B+,Tier 2
ACC-00270,Baird-Sanchez,Education,India,APAC,1000,$10M-$50M,Tier 1
ACC-00271,"Thomas, Lee and Greene",Technology,Kenya,AMEA,100,$10M-$50M,Tier 1
ACC-00272,"Suarez, Shields and Hill",Education,South Africa,AMEA,10000,$250M-$1B,Tier 3
ACC-00273,Morgan-French,Technology,United States,WW,500,$10M-$50M,Tier 1
ACC-00274,Hoover-Campbell,Technology,Netherlands,Europe,250,$50M-$250M,Tier 1
ACC-00275,Monroe-Carpenter,Financial Services,Australia,WW,10000,<$10M,Tier 1
ACC-00276,"Burns, Hernandez and Ryan",Professional Services,Italy,Europe,25,$1B+,Tier 3
ACC-00277,Cook-Hines,Agriculture,Australia,APAC,500,$250M-$1B,Tier 1
ACC-00278,Gibson-Morris,Financial Services,Saudi Arabia,AMEA,100,<$10M,Tier 3
ACC-00279,Pollard and Sons,Technology,United Arab Emirates,AMEA,5000,$250M-$1B,Tier 1
ACC-00280,"Reyes, Chase and Jenkins",Manufacturing,Netherlands,Europe,25,$50M-$250M,Tier 1
ACC-00281,Garner-Thornton,Financial Services,United Arab Emirates,AMEA,1000,$10M-$50M,Tier 1
ACC-00282,Hughes-Alvarado,Professional Services,Kenya,AMEA,100,$250M-$1B,Tier 3
ACC-00283,"Pollard, Simpson and Johnson",Agriculture,France,Europe,100,<$10M,Tier 3
ACC-00284,"Sanford, Rivera and Garcia",Technology,Netherlands,Europe,250,<$10M,Tier 1
ACC-00285,Garcia-Lozano,Manufacturing,India,WW,5000,$1B+,Tier 2
ACC-00286,Bowen Group,Technology,South Africa,AMEA,500,$50M-$250M,Tier 1
ACC-00287,"Booker, Jones and Harrington",Manufacturing,United Arab Emirates,AMEA,1000,$250M-$1B,Tier 2
ACC-00288,Morgan-Schwartz,Education,Netherlands,Europe,100,$250M-$1B,Tier 3
ACC-00289,"Miller, Murphy and Craig",Manufacturing,Italy,Europe,500,<$10M,Tier 3
ACC-00290,"James, Stewart and Higgins",Technology,Spain,Europe,100,$1B+,Tier 2
ACC-00291,Brennan-Johnson,Technology,United Arab Emirates,AMEA,1000,$50M-$250M,Tier 2
ACC-00292,Young Ltd,Professional Services,Spain,Europe,100,$250M-$1B,Tier 2
ACC-00293,Bright-Francis,Technology,Netherlands,Europe,5000,$50M-$250M,Tier 3
ACC-00294,Good-Hodges,Technology,Australia,WW,1000,$1B+,Tier 3
ACC-00295,"Brennan, Wallace and Benson",Technology,Australia,APAC,10000,<$10M,Tier 1
ACC-00296,Williams Inc,Financial Services,India,WW,1000,$250M-$1B,Tier 3
ACC-00297,Howard-Jordan,Professional Services,United Kingdom,WW,10000,$50M-$250M,Tier 2
ACC-00298,Schmidt PLC,Technology,Italy,Europe,100,$1B+,Tier 2
ACC-00299,"Sparks, Jackson and Miller",Manufacturing,Netherlands,Europe,250,<$10M,Tier 1
ACC-00300,Harvey-Allen,Education,Japan,APAC,50,$50M-$250M,Tier 2
ACC-00301,"Thomas, Murray and King",Financial Services,Italy,Europe,500,$250M-$1B,Tier 1
ACC-00302,Estrada-Nolan,Financial Services,United States,WW,10000,$10M-$50M,Tier 3
ACC-00303,Santana-Byrd,Technology,Netherlands,Europe,1000,<$10M,Tier 3
ACC-00304,Jones LLC,Manufacturing,South Africa,AMEA,100,$50M-$250M,Tier 3
ACC-00305,"Evans, Hayden and Vaughn",Technology,Australia,APAC,100,$10M-$50M,Tier 2
ACC-00306,Bruce-Gonzalez,Manufacturing,Germany,WW,1000,$250M-$1B,Tier 3
ACC-00307,Castaneda-Rodriguez,Professional Services,India,APAC,50,$50M-$250M,Tier 2
ACC-00308,Armstrong-Andrews,Professional Services,Spain,Europe,5000,$1B+,Tier 1
ACC-00309,"Phillips, Spence and Barrett",Manufacturing,India,APAC,10000,$250M-$1B,Tier 3
ACC-00310,Smith-Grimes,Financial Services,South Africa,AMEA,100,$250M-$1B,Tier 3
ACC-00311,"Beltran, Lozano and Mcgee",Technology,Germany,WW,100,$50M-$250M,Tier 1
ACC-00312,Parsons-Hall,Manufacturing,Australia,APAC,1000,$1B+,Tier 2
ACC-00313,Robinson-Lee,Manufacturing,United Kingdom,WW,500,$10M-$50M,Tier 3
ACC-00314,Byrd-Le,Professional Services,United Arab Emirates,AMEA,100,$1B+,Tier 3
ACC-00315,"Becker, Taylor and Davis",Financial Services,Singapore,APAC,25,<$10M,Tier 1
ACC-00316,"Lucas, Parker and Alexander",Agriculture,Germany,WW,500,$10M-$50M,Tier 3
ACC-00317,"Diaz, Anderson and Browning",Professional Services,Germany,Europe,10000,$1B+,Tier 2
ACC-00318,Burgess-Thompson,Education,South Africa,AMEA,5000,$50M-$250M,Tier 2
ACC-00319,Buchanan LLC,Agriculture,United States,WW,100,$250M-$1B,Tier 2
ACC-00320,"Shaw, Nelson and Martin",Education,France,Europe,1000,$1B+,Tier 1
ACC-00321,Coffey-Phillips,Agriculture,Kenya,AMEA,1000,$250M-$1B,Tier 1
ACC-00322,Brock-Mcdonald,Professional Services,United Arab Emirates,AMEA,1000,$10M-$50M,Tier 2
ACC-00323,Taylor and Sons,Manufacturing,Australia,WW,250,$10M-$50M,Tier 1
ACC-00324,"Ramsey, Whitney and Coffey",Manufacturing,Australia,WW,5000,$10M-$50M,Tier 1
ACC-00325,"Diaz, Gibbs and Smith",Professional Services,Kenya,AMEA,250,$10M-$50M,Tier 2
ACC-00326,"Martinez, Richardson and Curry",Education,Netherlands,Europe,10000,<$10M,Tier 1
ACC-00327,Richards-Carson,Professional Services,Spain,Europe,250,$10M-$50M,Tier 3
ACC-00328,Rodriguez-Hall,Technology,United Arab Emirates,AMEA,500,$250M-$1B,Tier 3
ACC-00329,Harvey PLC,Manufacturing,Italy,Europe,25,<$10M,Tier 2
ACC-00330,Herman-Walker,Manufacturing,Singapore,APAC,5000,$50M-$250M,Tier 1
ACC-00331,Reid Group,Technology,Italy,Europe,250,$50M-$250M,Tier 3
ACC-00332,"Turner, Ortiz and Taylor",Technology,Saudi Arabia,AMEA,10000,$1B+,Tier 2
ACC-00333,Torres Group,Financial Services,United States,WW,5000,$50M-$250M,Tier 2
ACC-00334,Davis PLC,Financial Services,South Africa,AMEA,5000,$1B+,Tier 1
ACC-00335,Price LLC,Technology,United Kingdom,WW,1000,$250M-$1B,Tier 3
ACC-00336,"Avery, Horton and Fernandez",Financial Services,Italy,Europe,100,$50M-$250M,Tier 3
ACC-00337,"Newton, Moore and Perry",Financial Services,Saudi Arabia,AMEA,500,$1B+,Tier 2
ACC-00338,Bass PLC,Agriculture,Italy,Europe,500,$250M-$1B,Tier 1
ACC-00339,Crosby-Ramirez,Manufacturing,United Arab Emirates,AMEA,5000,$1B+,Tier 2
ACC-00340,"Wood, Ramos and Sampson",Professional Services,Australia,WW,500,$1B+,Tier 3
ACC-00341,Garcia-Jennings,Agriculture,India,APAC,10000,$10M-$50M,Tier 3
ACC-00342,"Winters, Newman and Brown",Financial Services,France,Europe,25,$1B+,Tier 3
ACC-00343,Lopez-Martinez,Financial Services,United States,WW,10000,$50M-$250M,Tier 2
ACC-00344,Davis-Lewis,Education,Australia,APAC,5000,$1B+,Tier 3
ACC-00345,"Harper, Smith and Buchanan",Agriculture,Germany,Europe,100,$1B+,Tier 1
ACC-00346,Zhang PLC,Agriculture,Saudi Arabia,AMEA,5000,$50M-$250M,Tier 1
ACC-00347,Jones PLC,Professional Services,Netherlands,Europe,1000,$50M-$250M,Tier 3
ACC-00348,Willis and Sons,Financial Services,France,Europe,500,$1B+,Tier 2
ACC-00349,Schroeder-Kramer,Manufacturing,Singapore,APAC,250,$250M-$1B,Tier 2
ACC-00350,"Smith, Garrison and Thomas",Manufacturing,Italy,Europe,500,$50M-$250M,Tier 1
ACC-00351,Fernandez and Sons,Education,Netherlands,Europe,100,$50M-$250M,Tier 1
ACC-00352,Guerrero Inc,Agriculture,United Arab Emirates,AMEA,1000,$250M-$1B,Tier 3
ACC-00353,Smith and Sons,Agriculture,Saudi Arabia,AMEA,250,$10M-$50M,Tier 3
ACC-00354,"Morris, Thompson and Williams",Professional Services,Kenya,AMEA,100,<$10M,Tier 3
ACC-00355,"Fisher, Wilson and Brown",Financial Services,India,APAC,250,$10M-$50M,Tier 1
ACC-00356,Strickland-Palmer,Education,India,WW,10000,<$10M,Tier 3
ACC-00357,Hayes and Sons,Technology,Australia,APAC,5000,$250M-$1B,Tier 2
ACC-00358,"Williams, Logan and Camacho",Manufacturing,Singapore,APAC,500,<$10M,Tier 1
ACC-00359,"Turner, Schneider and Johnson",Professional Services,India,APAC,100,$250M-$1B,Tier 1
ACC-00360,Boone-Simmons,Education,Australia,WW,100,$50M-$250M,Tier 1
ACC-00361,Henry Group,Manufacturing,Germany,WW,50,$50M-$250M,Tier 2
ACC-00362,Lam LLC,Agriculture,Italy,Europe,10000,$10M-$50M,Tier 3
ACC-00363,"Hernandez, Martinez and Weber",Manufacturing,France,Europe,50,$50M-$250M,Tier 1
ACC-00364,"Kelley, Nguyen and Vang",Agriculture,Netherlands,Europe,100,<$10M,Tier 3
ACC-00365,"Phillips, Wagner and Jordan",Manufacturing,South Africa,AMEA,100,$1B+,Tier 3
ACC-00366,"Wilson, Pena and Rich",Education,Italy,Europe,1000,<$10M,Tier 2
ACC-00367,"Le, Lewis and Hayes",Financial Services,United Kingdom,WW,10000,$50M-$250M,Tier 1
ACC-00368,Gutierrez Group,Manufacturing,Australia,WW,250,$250M-$1B,Tier 2
ACC-00369,Perry-Davis,Manufacturing,United Arab Emirates,AMEA,500,$50M-$250M,Tier 3
ACC-00370,Edwards-Scott,Technology,India,APAC,10000,$50M-$250M,Tier 1
ACC-00371,Mcdaniel Group,Agriculture,Italy,Europe,500,<$10M,Tier 3
ACC-00372,Davis Inc,Manufacturing,South Africa,AMEA,250,$10M-$50M,Tier 2
ACC-00373,Reynolds Ltd,Education,Singapore,APAC,5000,$1B+,Tier 2
ACC-00374,"Watson, Anderson and Brown",Financial Services,India,APAC,10000,$1B+,Tier 3
ACC-00375,"Hoffman, Santiago and Jenkins",Technology,United Arab Emirates,AMEA,25,$1B+,Tier 3
ACC-00376,"Pugh, Henderson and Moon",Professional Services,Australia,APAC,100,$50M-$250M,Tier 3
ACC-00377,Schmitt PLC,Technology,France,Europe,10000,<$10M,Tier 3
ACC-00378,Bell-Lane,Technology,Spain,Europe,100,$1B+,Tier 2
ACC-00379,Moore Group,Professional Services,Germany,Europe,10000,$50M-$250M,Tier 3
ACC-00380,Boone LLC,Education,India,WW,25,$10M-$50M,Tier 3
ACC-00381,"Richardson, Farmer and Andrews",Technology,Australia,WW,1000,<$10M,Tier 3
ACC-00382,Bruce-Villegas,Technology,Australia,WW,25,$50M-$250M,Tier 2
ACC-00383,"Austin, Day and Johnson",Financial Services,Japan,APAC,1000,$250M-$1B,Tier 2
ACC-00384,"Gallegos, Adams and White",Education,Germany,Europe,100,$50M-$250M,Tier 1
ACC-00385,"Farmer, Dorsey and Bell",Professional Services,Japan,APAC,100,$10M-$50M,Tier 1
ACC-00386,Kane PLC,Manufacturing,Australia,WW,5000,$1B+,Tier 2
ACC-00387,"Morales, Thomas and Schultz",Financial Services,Japan,APAC,1000,$10M-$50M,Tier 2
ACC-00388,Davis PLC,Agriculture,India,APAC,25,$250M-$1B,Tier 3
ACC-00389,Bennett Group,Financial Services,United Kingdom,WW,50,<$10M,Tier 3
ACC-00390,Moore-Collins,Education,Germany,WW,25,$10M-$50M,Tier 3
ACC-00391,Frank-Bradley,Education,Australia,WW,250,$1B+,Tier 1
ACC-00392,Ware and Sons,Financial Services,Germany,WW,500,$10M-$50M,Tier 3
ACC-00393,Webster Inc,Professional Services,Kenya,AMEA,250,$50M-$250M,Tier 1
ACC-00394,"Miller, Ramos and Coleman",Education,Singapore,APAC,500,<$10M,Tier 3
ACC-00395,"Ramos, Nelson and Fischer",Agriculture,Japan,APAC,10000,<$10M,Tier 2
ACC-00396,Reed Inc,Professional Services,Netherlands,Europe,5000,$250M-$1B,Tier 1
ACC-00397,Gregory-Watkins,Education,South Africa,AMEA,10000,$10M-$50M,Tier 1
ACC-00398,"Estrada, Williams and Foster",Agriculture,South Africa,AMEA,10000,<$10M,Tier 3
ACC-00399,"Brown, Harris and Dougherty",Education,Italy,Europe,100,$250M-$1B,Tier 1
ACC-00400,Duran LLC,Financial Services,Kenya,AMEA,50,$250M-$1B,Tier 2
ACC-00401,Wilson-Jimenez,Professional Services,United Kingdom,WW,25,$50M-$250M,Tier 2
ACC-00402,Thompson-James,Technology,United Kingdom,WW,250,$250M-$1B,Tier 1
ACC-00403,"Hall, Hansen and Barnett",Manufacturing,United Arab Emirates,AMEA,250,$10M-$50M,Tier 3
ACC-00404,Jones-Hensley,Agriculture,Australia,WW,250,$1B+,Tier 3
ACC-00405,Graham Group,Education,Australia,APAC,1000,$50M-$250M,Tier 2
ACC-00406,Atkins PLC,Professional Services,Netherlands,Europe,500,$50M-$250M,Tier 2
ACC-00407,Berry-Mckinney,Education,Germany,Europe,10000,$50M-$250M,Tier 1
ACC-00408,Roberts-Sullivan,Manufacturing,Saudi Arabia,AMEA,25,$1B+,Tier 1
ACC-00409,Jackson-Meza,Technology,Singapore,APAC,5000,$50M-$250M,Tier 1
ACC-00410,Collier-Gillespie,Manufacturing,Australia,APAC,5000,$1B+,Tier 1
ACC-00411,Kim Inc,Professional Services,Netherlands,Europe,500,$250M-$1B,Tier 3
ACC-00412,Graham Group,Education,France,Europe,1000,$10M-$50M,Tier 1
ACC-00413,"Miller, Harrell and Reese",Financial Services,Italy,Europe,25,$1B+,Tier 1
ACC-00414,Cook and Sons,Agriculture,United States,WW,25,$250M-$1B,Tier 1
ACC-00415,Dixon Inc,Technology,Australia,APAC,25,$10M-$50M,Tier 3
ACC-00416,"Hicks, Bullock and Bailey",Manufacturing,Germany,Europe,10000,$250M-$1B,Tier 1
ACC-00417,"Mullen, Brewer and Hernandez",Professional Services,Germany,WW,5000,<$10M,Tier 1
ACC-00418,Thomas and Sons,Professional Services,Kenya,AMEA,25,$1B+,Tier 3
ACC-00419,Morrison Ltd,Financial Services,Germany,Europe,50,$1B+,Tier 1
ACC-00420,Thompson Ltd,Financial Services,Singapore,APAC,1000,$50M-$250M,Tier 2
ACC-00421,Marshall-Elliott,Manufacturing,Australia,WW,10000,$1B+,Tier 1
ACC-00422,"Cole, Glass and Cunningham",Manufacturing,India,APAC,25,<$10M,Tier 2
ACC-00423,"Downs, Morris and Maddox",Education,Italy,Europe,10000,<$10M,Tier 3
ACC-00424,Hernandez-Jones,Agriculture,United Kingdom,WW,50,$250M-$1B,Tier 2
ACC-00425,Welch-Hogan,Professional Services,United Arab Emirates,AMEA,25,$10M-$50M,Tier 1
ACC-00426,"Brown, Romero and Collins",Manufacturing,Germany,Europe,50,$50M-$250M,Tier 3
ACC-00427,Johnson-Wood,Financial Services,India,WW,25,$10M-$50M,Tier 3
ACC-00428,Jones-Lin,Agriculture,Japan,APAC,50,$50M-$250M,Tier 1
ACC-00429,Gilbert PLC,Professional Services,Japan,APAC,1000,$250M-$1B,Tier 3
ACC-00430,Ford-Spencer,Agriculture,India,APAC,1000,<$10M,Tier 1
ACC-00431,"Huang, Cole and Pacheco",Financial Services,Germany,Europe,1000,$1B+,Tier 3
ACC-00432,"Lopez, Jacobs and Mason",Manufacturing,Germany,Europe,500,$250M-$1B,Tier 2
ACC-00433,Hayes LLC,Manufacturing,Japan,APAC,5000,$10M-$50M,Tier 3
ACC-00434,"Miller, Lucas and Williams",Technology,Italy,Europe,500,$10M-$50M,Tier 3
ACC-00435,"Kim, Gonzales and Mills",Technology,India,WW,100,$250M-$1B,Tier 3
ACC-00436,Cox LLC,Agriculture,Japan,APAC,1000,$50M-$250M,Tier 1
ACC-00437,Ortiz-Morgan,Technology,India,WW,10000,$50M-$250M,Tier 2
ACC-00438,"Williams, Mccoy and Cook",Financial Services,United States,WW,100,$250M-$1B,Tier 2
ACC-00439,Davis-Gregory,Technology,Germany,Europe,50,$50M-$250M,Tier 3
ACC-00440,King-York,Professional Services,Germany,WW,1000,$250M-$1B,Tier 1
ACC-00441,"Marks, Cook and Aguilar",Education,Saudi Arabia,AMEA,50,$1B+,Tier 1
ACC-00442,Rangel LLC,Agriculture,Japan,APAC,100,$10M-$50M,Tier 2
ACC-00443,"Hale, Myers and Larson",Manufacturing,Saudi Arabia,AMEA,100,<$10M,Tier 1
ACC-00444,Collins Group,Manufacturing,Spain,Europe,500,$250M-$1B,Tier 1
ACC-00445,"Conner, Li and Santiago",Manufacturing,South Africa,AMEA,10000,$1B+,Tier 3
ACC-00446,"Osborn, Gaines and Davis",Education,India,APAC,100,$50M-$250M,Tier 1
ACC-00447,"Henderson, Cox and Cox",Manufacturing,Italy,Europe,5000,$50M-$250M,Tier 2
ACC-00448,Bean LLC,Education,South Africa,AMEA,500,$50M-$250M,Tier 3
ACC-00449,Lee-Cooke,Education,Singapore,APAC,100,$250M-$1B,Tier 2
ACC-00450,Jones Inc,Agriculture,Saudi Arabia,AMEA,250,$50M-$250M,Tier 2
ACC-00451,"Wise, Conley and Stephenson",Education,Kenya,AMEA,50,$1B+,Tier 1
ACC-00452,Stanley PLC,Agriculture,India,APAC,10000,$10M-$50M,Tier 2
ACC-00453,Harper and Sons,Agriculture,United Arab Emirates,AMEA,5000,$250M-$1B,Tier 1
ACC-00454,White Ltd,Financial Services,Kenya,AMEA,100,$250M-$1B,Tier 2
ACC-00455,"Lamb, Martin and Kim",Education,Germany,WW,10000,$1B+,Tier 2
ACC-00456,Diaz-Ball,Professional Services,Germany,Europe,1000,$1B+,Tier 3
ACC-00457,Bishop-Goodwin,Technology,United Kingdom,WW,1000,$10M-$50M,Tier 3
ACC-00458,Young-Allen,Professional Services,Australia,WW,1000,$250M-$1B,Tier 1
ACC-00459,Mckee-Lee,Technology,India,WW,250,$1B+,Tier 3
ACC-00460,"Valentine, Joyce and Murray",Education,Singapore,APAC,5000,$250M-$1B,Tier 3
ACC-00461,Strickland-Shaw,Manufacturing,India,APAC,10000,<$10M,Tier 2
ACC-00462,Burch-Montoya,Technology,Germany,Europe,100,$50M-$250M,Tier 2
ACC-00463,"Taylor, Wright and Davidson",Education,South Africa,AMEA,10000,$50M-$250M,Tier 2
ACC-00464,Spencer-Garcia,Education,Australia,WW,1000,<$10M,Tier 2
ACC-00465,"Rosales, Mitchell and Hines",Agriculture,United States,WW,25,$50M-$250M,Tier 3
ACC-00466,Cole-Palmer,Agriculture,United Kingdom,WW,250,$1B+,Tier 1
ACC-00467,Davis-Lozano,Manufacturing,Japan,APAC,10000,$10M-$50M,Tier 2
ACC-00468,Wilkerson-Arias,Financial Services,Japan,APAC,5000,<$10M,Tier 3
ACC-00469,Brown-Shaw,Education,Japan,APAC,5000,<$10M,Tier 3
ACC-00470,Hughes Inc,Financial Services,Singapore,APAC,50,$1B+,Tier 1
ACC-00471,Walker-Flores,Manufacturing,Singapore,APAC,250,$250M-$1B,Tier 1
ACC-00472,Combs Ltd,Agriculture,Saudi Arabia,AMEA,1000,$1B+,Tier 2
ACC-00473,Moody-Taylor,Professional Services,Germany,Europe,1000,$50M-$250M,Tier 2
ACC-00474,Lowery-Kennedy,Agriculture,Singapore,APAC,50,$10M-$50M,Tier 2
ACC-00475,Blake Group,Financial Services,India,WW,50,$10M-$50M,Tier 2
ACC-00476,Gilbert-Bullock,Professional Services,Japan,APAC,5000,$1B+,Tier 1
ACC-00477,Scott and Sons,Education,France,Europe,10000,$1B+,Tier 3
ACC-00478,"Bentley, Lynch and Henderson",Professional Services,Australia,APAC,10000,$50M-$250M,Tier 1
ACC-00479,Young-Martinez,Manufacturing,Japan,APAC,25,$50M-$250M,Tier 1
ACC-00480,Barnes PLC,Financial Services,France,Europe,5000,$1B+,Tier 3
ACC-00481,Brown-Copeland,Education,Spain,Europe,5000,$250M-$1B,Tier 2
ACC-00482,Carlson-Smith,Technology,India,APAC,250,$50M-$250M,Tier 1
ACC-00483,"Andrews, Higgins and Carter",Financial Services,Kenya,AMEA,100,$250M-$1B,Tier 3
ACC-00484,Mendez and Sons,Professional Services,Italy,Europe,50,$1B+,Tier 1
ACC-00485,"Butler, Beck and Miller",Professional Services,Kenya,AMEA,25,$250M-$1B,Tier 3
ACC-00486,Jones-Fox,Education,India,APAC,250,$50M-$250M,Tier 1
ACC-00487,"Hartman, Romero and Smith",Manufacturing,Netherlands,Europe,50,$250M-$1B,Tier 1
ACC-00488,Williams-Hughes,Financial Services,Singapore,APAC,5000,$10M-$50M,Tier 3
ACC-00489,King-Smith,Financial Services,Australia,APAC,25,$1B+,Tier 2
ACC-00490,Cooper Ltd,Professional Services,South Africa,AMEA,1000,$50M-$250M,Tier 2
ACC-00491,"Fuller, Ingram and Moss",Professional Services,United Arab Emirates,AMEA,100,$250M-$1B,Tier 1
ACC-00492,Anderson-Bell,Agriculture,South Africa,AMEA,100,$10M-$50M,Tier 1
ACC-00493,Li-Thompson,Financial Services,Saudi Arabia,AMEA,10000,$10M-$50M,Tier 3
ACC-00494,"Marshall, Dominguez and Welch",Agriculture,Saudi Arabia,AMEA,5000,$250M-$1B,Tier 1
ACC-00495,Brown Group,Education,Germany,WW,500,$50M-$250M,Tier 2
ACC-00496,Carter Inc,Manufacturing,Italy,Europe,25,<$10M,Tier 3
ACC-00497,Blackwell LLC,Agriculture,Netherlands,Europe,50,$1B+,Tier 2
ACC-00498,Robertson-Hays,Education,Australia,APAC,10000,$50M-$250M,Tier 2
ACC-00499,"Kennedy, Johnson and Lucas",Manufacturing,South Africa,AMEA,10000,$50M-$250M,Tier 3
ACC-00500,Kelly-Norman,Technology,United States,WW,10000,<$10M,Tier 1
ACC-00501,"Rivera, Martinez and Richardson",Education,Japan,APAC,25,$250M-$1B,Tier 1
ACC-00502,Paul-Kline,Agriculture,Singapore,APAC,100,$50M-$250M,Tier 1
ACC-00503,Morgan-Lopez,Manufacturing,United Arab Emirates,AMEA,1000,$10M-$50M,Tier 1
ACC-00504,"Jimenez, Glass and Stone",Agriculture,Netherlands,Europe,250,$250M-$1B,Tier 3
ACC-00505,Acosta Inc,Agriculture,United States,WW,25,$10M-$50M,Tier 2
ACC-00506,Morrison-Short,Financial Services,Germany,WW,250,$1B+,Tier 3
ACC-00507,"Carter, Garcia and Murphy",Technology,Germany,Europe,1000,<$10M,Tier 2
ACC-00508,Parker-Morrison,Education,India,APAC,250,$250M-$1B,Tier 1
ACC-00509,Jackson-Wallace,Technology,India,WW,1000,$50M-$250M,Tier 1
ACC-00510,Williams-Berg,Financial Services,France,Europe,50,$1B+,Tier 3
ACC-00511,Mendez-Graham,Professional Services,United Kingdom,WW,10000,$50M-$250M,Tier 3
ACC-00512,"Whitney, Gould and Jones",Agriculture,Australia,APAC,5000,$1B+,Tier 3
ACC-00513,"Sullivan, Palmer and Brady",Financial Services,Germany,Europe,50,$10M-$50M,Tier 1
ACC-00514,Cisneros and Sons,Manufacturing,Spain,Europe,1000,$10M-$50M,Tier 1
ACC-00515,"Gregory, Kim and Martinez",Agriculture,United Arab Emirates,AMEA,250,$1B+,Tier 3
ACC-00516,Osborne LLC,Agriculture,United Arab Emirates,AMEA,500,$10M-$50M,Tier 3
ACC-00517,Reyes-Bradley,Agriculture,Japan,APAC,500,<$10M,Tier 1
ACC-00518,"Hernandez, Cole and Watson",Education,Germany,Europe,250,$250M-$1B,Tier 3
ACC-00519,Hines-Berry,Professional Services,United States,WW,1000,$50M-$250M,Tier 1
ACC-00520,"Richardson, Edwards and Ramirez",Professional Services,Spain,Europe,1000,$1B+,Tier 3
ACC-00521,Johnson and Sons,Education,India,APAC,25,$1B+,Tier 1
ACC-00522,Holmes-Mcintyre,Manufacturing,United Kingdom,WW,25,<$10M,Tier 2
ACC-00523,Green LLC,Agriculture,Saudi Arabia,AMEA,5000,$250M-$1B,Tier 1
ACC-00524,"Griffin, Davies and Mitchell",Manufacturing,India,APAC,500,<$10M,Tier 3
ACC-00525,Gonzalez-Taylor,Financial Services,Singapore,APAC,5000,$1B+,Tier 3
ACC-00526,Hayes Ltd,Manufacturing,Australia,WW,250,<$10M,Tier 1
ACC-00527,Osborn-Cochran,Education,United States,WW,10000,$1B+,Tier 3
ACC-00528,Contreras-Mckinney,Manufacturing,United Kingdom,WW,50,<$10M,Tier 3
ACC-00529,"Daniels, Vance and York",Agriculture,India,APAC,100,$250M-$1B,Tier 2
ACC-00530,"Mckinney, Graves and Thompson",Financial Services,Kenya,AMEA,100,$50M-$250M,Tier 3
ACC-00531,Hicks-Martinez,Technology,India,WW,5000,$50M-$250M,Tier 3
ACC-00532,Conner and Sons,Manufacturing,Germany,WW,50,$250M-$1B,Tier 2
ACC-00533,Johnson-Spencer,Technology,Saudi Arabia,AMEA,100,$50M-$250M,Tier 1
ACC-00534,Mcdonald-Bird,Technology,United Arab Emirates,AMEA,250,$1B+,Tier 1
ACC-00535,Salazar Inc,Technology,United Kingdom,WW,25,$250M-$1B,Tier 2
ACC-00536,Parker Ltd,Financial Services,France,Europe,25,$1B+,Tier 3
ACC-00537,"Mendoza, Jenkins and Ortiz",Financial Services,Netherlands,Europe,250,$250M-$1B,Tier 3
ACC-00538,"Jones, Compton and Day",Manufacturing,United Arab Emirates,AMEA,1000,<$10M,Tier 3
ACC-00539,Owens-Holmes,Financial Services,United Kingdom,WW,25,$250M-$1B,Tier 1
ACC-00540,Humphrey PLC,Manufacturing,Netherlands,Europe,1000,<$10M,Tier 3
ACC-00541,"Matthews, Saunders and Anderson",Technology,Netherlands,Europe,250,$50M-$250M,Tier 3
ACC-00542,"Bartlett, Brown and Martinez",Agriculture,South Africa,AMEA,10000,$50M-$250M,Tier 3
ACC-00543,Torres and Sons,Financial Services,Italy,Europe,250,$10M-$50M,Tier 1
ACC-00544,Donovan-Perez,Technology,France,Europe,1000,<$10M,Tier 2
ACC-00545,"Jacobson, Singleton and King",Agriculture,Australia,WW,500,<$10M,Tier 1
ACC-00546,"Huber, Hill and Weber",Education,Japan,APAC,25,$10M-$50M,Tier 3
ACC-00547,"Ferguson, Shaw and Jackson",Technology,United Arab Emirates,AMEA,250,$1B+,Tier 2
ACC-00548,"Moore, Hopkins and Le",Education,United Arab Emirates,AMEA,50,$1B+,Tier 1
ACC-00549,"Morgan, Bradshaw and Williams",Technology,Italy,Europe,25,$250M-$1B,Tier 3
ACC-00550,Miller Ltd,Financial Services,Singapore,APAC,500,$50M-$250M,Tier 2
ACC-00551,"Baker, Clark and Armstrong",Manufacturing,Saudi Arabia,AMEA,500,$10M-$50M,Tier 1
ACC-00552,"Fowler, Jimenez and Burton",Financial Services,India,APAC,100,<$10M,Tier 1
ACC-00553,May-Turner,Education,Netherlands,Europe,5000,<$10M,Tier 3
ACC-00554,Ballard Ltd,Financial Services,Saudi Arabia,AMEA,500,$250M-$1B,Tier 2
ACC-00555,Evans-Jones,Technology,United Kingdom,WW,500,$1B+,Tier 1
ACC-00556,Moore Group,Manufacturing,Australia,APAC,50,$10M-$50M,Tier 2
ACC-00557,Marshall-Peterson,Professional Services,Germany,Europe,500,$50M-$250M,Tier 1
ACC-00558,Edwards Ltd,Education,Australia,WW,250,<$10M,Tier 2
ACC-00559,Gross-Valencia,Financial Services,United States,WW,25,<$10M,Tier 1
ACC-00560,Anderson-Wood,Financial Services,Japan,APAC,1000,<$10M,Tier 3
ACC-00561,"Rodriguez, Allen and Martinez",Technology,United Arab Emirates,AMEA,50,$10M-$50M,Tier 3
ACC-00562,Wright-Davis,Financial Services,Germany,Europe,1000,<$10M,Tier 1
ACC-00563,Dougherty-Lin,Technology,France,Europe,5000,$250M-$1B,Tier 2
ACC-00564,Wright-Grimes,Education,Australia,WW,100,$50M-$250M,Tier 1
ACC-00565,Li PLC,Manufacturing,Singapore,APAC,10000,$10M-$50M,Tier 1
ACC-00566,"Edwards, Hines and Jimenez",Agriculture,Singapore,APAC,10000,$250M-$1B,Tier 3
ACC-00567,"Owens, Koch and Jimenez",Technology,Germany,Europe,500,$250M-$1B,Tier 1
ACC-00568,Landry PLC,Financial Services,Italy,Europe,250,$1B+,Tier 1
ACC-00569,Levy-Lewis,Agriculture,Netherlands,Europe,10000,$1B+,Tier 2
ACC-00570,Williams-Campbell,Professional Services,Kenya,AMEA,5000,$50M-$250M,Tier 1
ACC-00571,"Khan, Pena and Ruiz",Manufacturing,Germany,WW,250,<$10M,Tier 2
ACC-00572,"Smith, Rodriguez and Anderson",Education,Germany,WW,1000,$1B+,Tier 1
ACC-00573,Luna-Gallagher,Technology,Australia,APAC,250,$50M-$250M,Tier 3
ACC-00574,Williams-Williams,Financial Services,Germany,WW,5000,$50M-$250M,Tier 1
ACC-00575,"Lee, Tran and Jones",Financial Services,Singapore,APAC,1000,$1B+,Tier 1
ACC-00576,"Cole, Pierce and Bryan",Professional Services,South Africa,AMEA,250,$250M-$1B,Tier 3
ACC-00577,"Becker, Wilson and Hester",Financial Services,Saudi Arabia,AMEA,25,<$10M,Tier 1
ACC-00578,Brooks-Hatfield,Professional Services,Australia,APAC,25,$1B+,Tier 2
ACC-00579,"Mcmillan, Fischer and Gonzalez",Manufacturing,Germany,WW,250,$10M-$50M,Tier 2
ACC-00580,"Morales, Williams and Williams",Manufacturing,India,APAC,25,$10M-$50M,Tier 3
ACC-00581,"Cook, Wells and Bryant",Technology,Singapore,APAC,50,$50M-$250M,Tier 3
ACC-00582,"Barry, Taylor and Velazquez",Professional Services,Germany,Europe,1000,$50M-$250M,Tier 2
ACC-00583,Martin-Ewing,Financial Services,Japan,APAC,10000,$50M-$250M,Tier 1
ACC-00584,"Kirby, Wheeler and Romero",Financial Services,South Africa,AMEA,5000,$50M-$250M,Tier 3
ACC-00585,"Patel, Erickson and Evans",Financial Services,South Africa,AMEA,25,$1B+,Tier 2
ACC-00586,Richardson Ltd,Financial Services,Germany,WW,1000,$1B+,Tier 1
ACC-00587,Whitney PLC,Education,United Kingdom,WW,1000,<$10M,Tier 1
ACC-00588,Robles-Swanson,Manufacturing,South Africa,AMEA,50,$50M-$250M,Tier 2
ACC-00589,"Soto, Carlson and Baker",Manufacturing,United Kingdom,WW,250,<$10M,Tier 2
ACC-00590,"Patton, Parsons and Lane",Technology,United Arab Emirates,AMEA,25,$250M-$1B,Tier 2
ACC-00591,"Williams, Castillo and Warren",Financial Services,Spain,Europe,10000,$250M-$1B,Tier 2
ACC-00592,"Harvey, Randall and Hernandez",Technology,Spain,Europe,250,$10M-$50M,Tier 2
ACC-00593,"Allen, Armstrong and Graves",Technology,India,WW,25,$50M-$250M,Tier 2
ACC-00594,Smith LLC,Technology,India,WW,100,$250M-$1B,Tier 1
ACC-00595,Hernandez-Vaughn,Professional Services,United States,WW,1000,$1B+,Tier 3
ACC-00596,Shaw-Carr,Agriculture,Germany,Europe,5000,$10M-$50M,Tier 3
ACC-00597,Salas-Fitzgerald,Financial Services,Germany,Europe,50,$50M-$250M,Tier 1
ACC-00598,Thornton PLC,Education,Singapore,APAC,500,$50M-$250M,Tier 1
ACC-00599,Hoffman Ltd,Technology,Australia,WW,10000,$10M-$50M,Tier 1
ACC-00600,Fox-Edwards,Technology,Saudi Arabia,AMEA,50,$50M-$250M,Tier 3
ACC-00601,Stevens PLC,Financial Services,Germany,Europe,25,$10M-$50M,Tier 1
ACC-00602,Payne-Lowe,Technology,Saudi Arabia,AMEA,50,$50M-$250M,Tier 2
ACC-00603,"Becker, Lara and Baker",Education,Netherlands,Europe,50,$1B+,Tier 2
ACC-00604,Lee-Wright,Manufacturing,Japan,APAC,1000,$10M-$50M,Tier 2
ACC-00605,"Evans, David and Hendrix",Manufacturing,Australia,WW,10000,$50M-$250M,Tier 1
ACC-00606,Bush-Vaughn,Professional Services,United Arab Emirates,AMEA,100,<$10M,Tier 1
ACC-00607,Stewart-Bailey,Professional Services,Saudi Arabia,AMEA,250,$1B+,Tier 1
ACC-00608,"Hill, Martinez and Rhodes",Professional Services,Spain,Europe,10000,$1B+,Tier 1
ACC-00609,Huang-Foster,Manufacturing,Germany,Europe,5000,<$10M,Tier 3
ACC-00610,Blevins-Ballard,Technology,Japan,APAC,100,$10M-$50M,Tier 1
ACC-00611,Williams-Moses,Financial Services,India,APAC,5000,<$10M,Tier 3
ACC-00612,Reed Group,Financial Services,France,Europe,500,$50M-$250M,Tier 3
ACC-00613,"Scott, Mendoza and Harris",Technology,Australia,WW,5000,$1B+,Tier 2
ACC-00614,"Nelson, Hoffman and Nelson",Professional Services,Saudi Arabia,AMEA,25,$1B+,Tier 3
ACC-00615,Gilbert PLC,Technology,Spain,Europe,100,$10M-$50M,Tier 3
ACC-00616,Sanchez Ltd,Technology,Germany,WW,50,$50M-$250M,Tier 3
ACC-00617,"Perez, Hall and Garcia",Education,Kenya,AMEA,5000,$250M-$1B,Tier 3
ACC-00618,Love-Garcia,Technology,France,Europe,500,$250M-$1B,Tier 1
ACC-00619,Smith PLC,Technology,Spain,Europe,1000,$10M-$50M,Tier 1
ACC-00620,Russell Group,Manufacturing,Netherlands,Europe,25,$50M-$250M,Tier 2
ACC-00621,Santos-Avila,Manufacturing,Saudi Arabia,AMEA,50,$10M-$50M,Tier 1
ACC-00622,Morris-Brewer,Agriculture,Saudi Arabia,AMEA,1000,$50M-$250M,Tier 3
ACC-00623,Pearson and Sons,Professional Services,Germany,Europe,250,$250M-$1B,Tier 1
ACC-00624,"Rodgers, Jefferson and Johnson",Agriculture,Spain,Europe,1000,<$10M,Tier 3
ACC-00625,Butler and Sons,Technology,Singapore,APAC,5000,$10M-$50M,Tier 3
ACC-00626,Osborn Group,Financial Services,United Kingdom,WW,250,<$10M,Tier 1
ACC-00627,Lopez-Curry,Education,United States,WW,1000,$10M-$50M,Tier 2
ACC-00628,Mcdowell-Smith,Education,Saudi Arabia,AMEA,50,<$10M,Tier 1
ACC-00629,"Morrison, Hebert and Rogers",Education,Saudi Arabia,AMEA,100,$250M-$1B,Tier 3
ACC-00630,Hays-Daniels,Manufacturing,South Africa,AMEA,500,<$10M,Tier 2
ACC-00631,Small-Anderson,Education,United States,WW,100,$1B+,Tier 1
ACC-00632,"Mcdonald, Lee and Rodriguez",Agriculture,Australia,APAC,250,$50M-$250M,Tier 3
ACC-00633,Simon Ltd,Professional Services,Germany,Europe,25,$250M-$1B,Tier 1
ACC-00634,Higgins-Smith,Professional Services,India,APAC,250,$50M-$250M,Tier 3
ACC-00635,Gibbs-Bradley,Agriculture,Kenya,AMEA,5000,$250M-$1B,Tier 2
ACC-00636,Thompson Ltd,Manufacturing,France,Europe,10000,$50M-$250M,Tier 3
ACC-00637,Wilcox-Robertson,Professional Services,Germany,Europe,25,$1B+,Tier 3
ACC-00638,Morales Inc,Professional Services,Kenya,AMEA,500,<$10M,Tier 2
ACC-00639,Holden Group,Manufacturing,India,WW,1000,$50M-$250M,Tier 2
ACC-00640,Boyle-Smith,Financial Services,South Africa,AMEA,250,<$10M,Tier 3
ACC-00641,Young-Molina,Agriculture,Netherlands,Europe,100,<$10M,Tier 3
ACC-00642,Turner-Sharp,Manufacturing,Netherlands,Europe,5000,$250M-$1B,Tier 2
ACC-00643,Green LLC,Professional Services,Germany,WW,250,$50M-$250M,Tier 3
ACC-00644,"Young, Contreras and Marshall",Agriculture,Japan,APAC,1000,$1B+,Tier 2
ACC-00645,Sullivan PLC,Agriculture,Australia,APAC,500,<$10M,Tier 2
ACC-00646,"Carrillo, Vaughn and Fowler",Agriculture,Singapore,APAC,100,$50M-$250M,Tier 3
ACC-00647,Richardson-Walker,Financial Services,India,WW,250,$50M-$250M,Tier 2
ACC-00648,Mendoza Group,Manufacturing,Kenya,AMEA,500,$250M-$1B,Tier 1
ACC-00649,"Zhang, Brooks and Miles",Technology,Italy,Europe,50,$250M-$1B,Tier 1
ACC-00650,Todd-Pham,Agriculture,Australia,WW,500,$250M-$1B,Tier 1
ACC-00651,Gill Ltd,Financial Services,Australia,APAC,1000,$250M-$1B,Tier 3
ACC-00652,"Marks, Miller and Griffin",Financial Services,Netherlands,Europe,100,<$10M,Tier 2
ACC-00653,"Cox, Stark and Rodriguez",Agriculture,South Africa,AMEA,1000,<$10M,Tier 1
ACC-00654,"Leach, Harris and Herrera",Manufacturing,France,Europe,100,$1B+,Tier 1
ACC-00655,Murphy PLC,Technology,France,Europe,5000,$250M-$1B,Tier 2
ACC-00656,Wilson-Harris,Education,Spain,Europe,25,<$10M,Tier 3
ACC-00657,"Burns, Nolan and Griffin",Agriculture,Singapore,APAC,25,$50M-$250M,Tier 3
ACC-00658,Chavez PLC,Technology,India,APAC,250,$10M-$50M,Tier 3
ACC-00659,Bryant-Brown,Manufacturing,South Africa,AMEA,50,$250M-$1B,Tier 3
ACC-00660,Chambers-Parker,Financial Services,United Arab Emirates,AMEA,25,$50M-$250M,Tier 2
ACC-00661,Foster Inc,Agriculture,Italy,Europe,1000,$250M-$1B,Tier 3
ACC-00662,"Robinson, Jones and Henderson",Manufacturing,Japan,APAC,1000,$10M-$50M,Tier 1
ACC-00663,"Brown, Mcknight and Michael",Technology,France,Europe,250,$10M-$50M,Tier 1
ACC-00664,Andersen Group,Professional Services,Germany,WW,100,<$10M,Tier 2
ACC-00665,Mitchell and Sons,Education,India,WW,25,$1B+,Tier 1
ACC-00666,Cannon Ltd,Agriculture,United States,WW,25,<$10M,Tier 2
ACC-00667,"Stuart, Brooks and Vance",Education,Germany,Europe,500,$250M-$1B,Tier 3
ACC-00668,Kane-Knox,Financial Services,India,APAC,500,$250M-$1B,Tier 3
ACC-00669,Miller-Brandt,Agriculture,Germany,WW,500,$1B+,Tier 3
ACC-00670,"Anderson, Dalton and Wilson",Education,India,APAC,50,$50M-$250M,Tier 1
ACC-00671,"Long, Anderson and Irwin",Education,United Kingdom,WW,250,$50M-$250M,Tier 3
ACC-00672,Avila LLC,Manufacturing,Japan,APAC,500,$10M-$50M,Tier 1
ACC-00673,Nunez-Stephens,Financial Services,Spain,Europe,1000,$10M-$50M,Tier 1
ACC-00674,"Gray, Hall and Murray",Agriculture,United States,WW,50,$1B+,Tier 3
ACC-00675,Hill Ltd,Financial Services,Germany,Europe,50,<$10M,Tier 2
ACC-00676,Johnson Ltd,Education,Singapore,APAC,500,$250M-$1B,Tier 1
ACC-00677,Mendez-Mayer,Financial Services,United States,WW,500,$50M-$250M,Tier 3
ACC-00678,Allen Inc,Education,United Arab Emirates,AMEA,50,<$10M,Tier 1
ACC-00679,Wheeler Group,Agriculture,Australia,APAC,1000,$50M-$250M,Tier 2
ACC-00680,"Powers, Brennan and Sanchez",Agriculture,United Arab Emirates,AMEA,1000,$50M-$250M,Tier 1
ACC-00681,Morales and Sons,Education,Australia,WW,10000,$50M-$250M,Tier 2
ACC-00682,"Robinson, Shields and Brown",Education,France,Europe,50,$10M-$50M,Tier 3
ACC-00683,"Holder, Young and Hendricks",Financial Services,United States,WW,5000,$1B+,Tier 2
ACC-00684,"Flores, Harper and Chambers",Financial Services,Italy,Europe,5000,$50M-$250M,Tier 3
ACC-00685,Young-Walter,Agriculture,United Kingdom,WW,10000,$250M-$1B,Tier 1
ACC-00686,"Boyd, Gutierrez and Hill",Education,Germany,Europe,50,$50M-$250M,Tier 3
ACC-00687,"Fry, Hobbs and Buck",Technology,South Africa,AMEA,1000,$1B+,Tier 3
ACC-00688,"Shelton, Peters and Williams",Education,United Kingdom,WW,10000,$50M-$250M,Tier 3
ACC-00689,David-Powers,Financial Services,Italy,Europe,25,<$10M,Tier 3
ACC-00690,"Flores, Butler and Hernandez",Professional Services,Japan,APAC,10000,$10M-$50M,Tier 1
ACC-00691,White-Medina,Manufacturing,France,Europe,1000,$50M-$250M,Tier 1
ACC-00692,Atkinson LLC,Professional Services,Japan,APAC,5000,$10M-$50M,Tier 1
ACC-00693,"Thomas, Ford and Brown",Education,Italy,Europe,10000,<$10M,Tier 2
ACC-00694,Faulkner-Grant,Manufacturing,Germany,Europe,10000,<$10M,Tier 1
ACC-00695,Price LLC,Education,Germany,Europe,25,<$10M,Tier 3
ACC-00696,Rivera Inc,Professional Services,South Africa,AMEA,10000,$50M-$250M,Tier 2
ACC-00697,Boone-Davis,Financial Services,Australia,WW,1000,$1B+,Tier 3
ACC-00698,"Calderon, Williams and Bennett",Agriculture,Netherlands,Europe,10000,<$10M,Tier 1
ACC-00699,"Morrison, Russo and Lopez",Technology,Singapore,APAC,1000,$50M-$250M,Tier 3
ACC-00700,"Ramsey, Hansen and Mendoza",Agriculture,United Arab Emirates,AMEA,25,$10M-$50M,Tier 2
ACC-00701,Turner-Stout,Agriculture,Japan,APAC,50,$50M-$250M,Tier 3
ACC-00702,Giles Ltd,Financial Services,India,APAC,5000,$10M-$50M,Tier 2
ACC-00703,Burgess Group,Agriculture,Singapore,APAC,50,$250M-$1B,Tier 1
ACC-00704,Dominguez Ltd,Education,Australia,WW,100,$250M-$1B,Tier 1
ACC-00705,Sanders and Sons,Professional Services,Australia,WW,10000,$1B+,Tier 1
ACC-00706,"Morris, Campbell and Owens",Agriculture,Australia,APAC,50,$250M-$1B,Tier 3
ACC-00707,"Howard, Green and Hunt",Professional Services,Saudi Arabia,AMEA,5000,$1B+,Tier 3
ACC-00708,Owens-Lang,Manufacturing,Japan,APAC,1000,$50M-$250M,Tier 2
ACC-00709,"Harrison, Franco and Rocha",Financial Services,Japan,APAC,500,$1B+,Tier 2
ACC-00710,Edwards-Williams,Financial Services,Australia,APAC,500,$50M-$250M,Tier 3
ACC-00711,Figueroa Inc,Agriculture,Australia,APAC,1000,<$10M,Tier 2
ACC-00712,Tran-Silva,Professional Services,Italy,Europe,5000,$1B+,Tier 2
ACC-00713,"Butler, Hernandez and Rivera",Technology,Italy,Europe,50,<$10M,Tier 2
ACC-00714,Hudson-Sanchez,Technology,India,APAC,250,$50M-$250M,Tier 1
ACC-00715,"Pena, Cohen and Scott",Agriculture,Kenya,AMEA,100,<$10M,Tier 3
ACC-00716,Levy-May,Financial Services,United Arab Emirates,AMEA,1000,$250M-$1B,Tier 1
ACC-00717,Murray-Oconnor,Agriculture,Japan,APAC,250,$1B+,Tier 3
ACC-00718,Jackson-Cortez,Agriculture,United Arab Emirates,AMEA,5000,$250M-$1B,Tier 2
ACC-00719,White-Preston,Professional Services,United Arab Emirates,AMEA,25,$50M-$250M,Tier 1
ACC-00720,"Bernard, Warren and Combs",Financial Services,Netherlands,Europe,250,$10M-$50M,Tier 2
ACC-00721,Landry Ltd,Financial Services,Germany,Europe,100,$10M-$50M,Tier 3
ACC-00722,Duran Group,Education,United States,WW,5000,$50M-$250M,Tier 3
ACC-00723,Kirby and Sons,Financial Services,South Africa,AMEA,500,<$10M,Tier 2
ACC-00724,Mann Inc,Agriculture,France,Europe,25,$10M-$50M,Tier 2
ACC-00725,Wagner LLC,Agriculture,Germany,WW,500,$250M-$1B,Tier 3
ACC-00726,Williamson Ltd,Technology,Kenya,AMEA,250,$10M-$50M,Tier 3
ACC-00727,"Durham, Hopkins and Smith",Professional Services,United Kingdom,WW,5000,$1B+,Tier 3
ACC-00728,"Arnold, Smith and Moreno",Technology,Netherlands,Europe,250,$10M-$50M,Tier 3
ACC-00729,Nichols-Mitchell,Manufacturing,Kenya,AMEA,500,$10M-$50M,Tier 3
ACC-00730,"Li, Craig and Drake",Professional Services,Germany,Europe,50,$50M-$250M,Tier 2
ACC-00731,Rodriguez Inc,Agriculture,Australia,APAC,25,$50M-$250M,Tier 2
ACC-00732,"Hernandez, Lee and Fox",Education,India,WW,500,<$10M,Tier 3
ACC-00733,Adams-Sanders,Professional Services,Saudi Arabia,AMEA,10000,<$10M,Tier 2
ACC-00734,Chung-Stevens,Manufacturing,India,APAC,50,$10M-$50M,Tier 3
ACC-00735,Branch and Sons,Agriculture,United States,WW,250,$10M-$50M,Tier 3
ACC-00736,Sutton-Abbott,Technology,France,Europe,5000,<$10M,Tier 3
ACC-00737,"Frey, Santos and Johnson",Technology,Japan,APAC,1000,<$10M,Tier 1
ACC-00738,Gray-Tran,Technology,United Kingdom,WW,500,$1B+,Tier 1
ACC-00739,Walsh Ltd,Manufacturing,Japan,APAC,5000,$250M-$1B,Tier 3
ACC-00740,Miller Group,Education,Netherlands,Europe,25,$250M-$1B,Tier 3
ACC-00741,"Mueller, Knight and Hodge",Professional Services,United States,WW,50,$1B+,Tier 1
ACC-00742,Jacobson Inc,Manufacturing,Germany,WW,50,$50M-$250M,Tier 3
ACC-00743,Lewis Ltd,Professional Services,United Arab Emirates,AMEA,500,$250M-$1B,Tier 2
ACC-00744,"Alvarez, Williams and Jones",Agriculture,Germany,Europe,10000,$10M-$50M,Tier 3
ACC-00745,Lam-Elliott,Financial Services,Japan,APAC,500,$10M-$50M,Tier 2
ACC-00746,White LLC,Technology,South Africa,AMEA,50,<$10M,Tier 1
ACC-00747,Ali PLC,Professional Services,Italy,Europe,50,$50M-$250M,Tier 1
ACC-00748,Goodwin Ltd,Financial Services,Saudi Arabia,AMEA,100,$10M-$50M,Tier 1
ACC-00749,Hickman-Evans,Professional Services,Singapore,APAC,250,<$10M,Tier 1
ACC-00750,"Allen, Davenport and Price",Professional Services,Australia,WW,50,$50M-$250M,Tier 3
ACC-00751,"Rivera, Campos and Taylor",Manufacturing,United States,WW,250,$1B+,Tier 2
ACC-00752,"Ramsey, Mason and Mccann",Manufacturing,South Africa,AMEA,250,<$10M,Tier 2
ACC-00753,Davis and Sons,Financial Services,India,WW,10000,$250M-$1B,Tier 2
ACC-00754,Peterson PLC,Agriculture,South Africa,AMEA,1000,$50M-$250M,Tier 2
ACC-00755,"Sanders, Ayala and Johnson",Technology,Singapore,APAC,250,$10M-$50M,Tier 3
ACC-00756,Bowers-Hayes,Manufacturing,Netherlands,Europe,100,$50M-$250M,Tier 2
ACC-00757,Kelly Group,Education,Netherlands,Europe,500,$250M-$1B,Tier 3
ACC-00758,Lopez-Willis,Financial Services,Germany,WW,50,$50M-$250M,Tier 1
ACC-00759,Miller-Montgomery,Manufacturing,India,APAC,50,<$10M,Tier 3
ACC-00760,Marquez Inc,Professional Services,Germany,WW,5000,$1B+,Tier 1
ACC-00761,Moore-Dawson,Professional Services,India,WW,10000,$10M-$50M,Tier 2
ACC-00762,"Moore, Price and Ward",Financial Services,Italy,Europe,500,$10M-$50M,Tier 2
ACC-00763,Smith LLC,Education,India,WW,25,$10M-$50M,Tier 3
ACC-00764,Ward-Nelson,Professional Services,Australia,APAC,10000,$10M-$50M,Tier 1
ACC-00765,Miller Group,Agriculture,Japan,APAC,1000,<$10M,Tier 1
ACC-00766,Hawkins-Hunt,Financial Services,Germany,Europe,500,$50M-$250M,Tier 1
ACC-00767,Johnson LLC,Agriculture,United Kingdom,WW,1000,$250M-$1B,Tier 2
ACC-00768,"Davis, George and Nguyen",Technology,Germany,Europe,1000,<$10M,Tier 3
ACC-00769,Smith-Gutierrez,Agriculture,Kenya,AMEA,100,$250M-$1B,Tier 3
ACC-00770,Hardy PLC,Manufacturing,Italy,Europe,50,$1B+,Tier 2
ACC-00771,Armstrong and Sons,Financial Services,Italy,Europe,5000,$50M-$250M,Tier 2
ACC-00772,"James, Taylor and Turner",Education,Italy,Europe,25,$1B+,Tier 1
ACC-00773,Thomas-Jackson,Financial Services,France,Europe,50,$1B+,Tier 3
ACC-00774,Fisher-Washington,Financial Services,South Africa,AMEA,100,$10M-$50M,Tier 2
ACC-00775,Ward and Sons,Agriculture,United Kingdom,WW,5000,$50M-$250M,Tier 3
ACC-00776,"Weber, Wheeler and Gonzalez",Education,Australia,WW,10000,$10M-$50M,Tier 3
ACC-00777,Taylor Inc,Agriculture,Japan,APAC,25,$10M-$50M,Tier 1
ACC-00778,Cook-Oliver,Professional Services,Australia,APAC,100,$1B+,Tier 1
ACC-00779,Alexander-Jordan,Technology,Australia,APAC,500,$10M-$50M,Tier 3
ACC-00780,"Mccann, Taylor and Flores",Professional Services,Italy,Europe,25,$50M-$250M,Tier 1
ACC-00781,"Harris, Edwards and Oconnell",Education,Japan,APAC,10000,$10M-$50M,Tier 1
ACC-00782,Carter-Neal,Professional Services,France,Europe,100,$1B+,Tier 3
ACC-00783,Faulkner-Casey,Financial Services,Kenya,AMEA,10000,$1B+,Tier 3
ACC-00784,Bennett-Velasquez,Financial Services,Australia,WW,5000,$10M-$50M,Tier 1
ACC-00785,Diaz-Frederick,Financial Services,Germany,WW,5000,$10M-$50M,Tier 3
ACC-00786,Vargas PLC,Financial Services,Australia,WW,25,$1B+,Tier 3
ACC-00787,Maldonado PLC,Technology,Australia,WW,100,$1B+,Tier 3
ACC-00788,Benton Group,Agriculture,Australia,WW,5000,$50M-$250M,Tier 1
ACC-00789,"Clark, Salinas and Guerra",Financial Services,Spain,Europe,5000,$50M-$250M,Tier 3
ACC-00790,Fuentes Group,Education,United Kingdom,WW,500,$250M-$1B,Tier 1
ACC-00791,"Porter, Schultz and Allen",Manufacturing,Germany,WW,5000,$50M-$250M,Tier 1
ACC-00792,"Moore, Henderson and Bennett",Agriculture,United States,WW,50,$1B+,Tier 1
ACC-00793,Ewing-Mendoza,Agriculture,France,Europe,1000,$250M-$1B,Tier 2
ACC-00794,Ferguson-Mclean,Financial Services,Australia,WW,500,$50M-$250M,Tier 3
ACC-00795,"Barnes, Johnson and Schmitt",Professional Services,Netherlands,Europe,500,$250M-$1B,Tier 1
ACC-00796,"Woodard, Herrera and Little",Professional Services,Italy,Europe,10000,$10M-$50M,Tier 2
ACC-00797,Rodriguez and Sons,Manufacturing,Netherlands,Europe,1000,$250M-$1B,Tier 3
ACC-00798,"Ortega, Jackson and Salazar",Agriculture,India,APAC,250,$250M-$1B,Tier 3
ACC-00799,"Terrell, Byrd and Ross",Technology,Australia,APAC,5000,$50M-$250M,Tier 3
ACC-00800,Sheppard-Jordan,Financial Services,Australia,WW,25,<$10M,Tier 1
ACC-00801,Garcia and Sons,Professional Services,Spain,Europe,50,<$10M,Tier 2
ACC-00802,"Burgess, Grant and Watts",Manufacturing,India,APAC,25,$250M-$1B,Tier 2
ACC-00803,Griffin Group,Agriculture,United Arab Emirates,AMEA,100,$250M-$1B,Tier 2
ACC-00804,Barton-Chapman,Financial Services,Germany,WW,500,$10M-$50M,Tier 1
ACC-00805,"Hernandez, Cuevas and Webb",Professional Services,Australia,APAC,25,$50M-$250M,Tier 1
ACC-00806,Perry-Nixon,Financial Services,United States,WW,500,$250M-$1B,Tier 2
ACC-00807,Guerra Ltd,Education,Italy,Europe,250,$1B+,Tier 1
ACC-00808,Bailey LLC,Technology,Germany,WW,500,$1B+,Tier 3
ACC-00809,Mueller-Boyd,Manufacturing,Kenya,AMEA,250,$1B+,Tier 1
ACC-00810,Alvarez-Kim,Education,Italy,Europe,25,$50M-$250M,Tier 1
ACC-00811,"Chavez, Jones and Williams",Professional Services,Germany,Europe,50,$1B+,Tier 2
ACC-00812,"Wilson, Sweeney and Wong",Technology,Kenya,AMEA,500,$250M-$1B,Tier 2
ACC-00813,"Marsh, Spears and Yang",Financial Services,Netherlands,Europe,10000,$250M-$1B,Tier 3
ACC-00814,"Thompson, Moore and Castro",Education,United States,WW,500,<$10M,Tier 2
ACC-00815,Hall-Sullivan,Agriculture,Australia,APAC,1000,$250M-$1B,Tier 2
ACC-00816,Lopez Ltd,Agriculture,India,WW,250,$50M-$250M,Tier 1
ACC-00817,Foster-Mclaughlin,Agriculture,Netherlands,Europe,50,$1B+,Tier 1
ACC-00818,Cole Group,Manufacturing,Netherlands,Europe,250,$1B+,Tier 2
ACC-00819,Smith-Lewis,Agriculture,Australia,APAC,10000,$10M-$50M,Tier 1
ACC-00820,Goodwin-Stokes,Manufacturing,Australia,APAC,250,$10M-$50M,Tier 1
ACC-00821,Ray PLC,Financial Services,United Arab Emirates,AMEA,50,<$10M,Tier 3
ACC-00822,Diaz and Sons,Professional Services,Germany,Europe,25,$250M-$1B,Tier 2
ACC-00823,Wilson-Lambert,Education,Kenya,AMEA,10000,$10M-$50M,Tier 3
ACC-00824,Rose-Fowler,Education,South Africa,AMEA,100,<$10M,Tier 3
ACC-00825,"Price, Long and Wilson",Education,Italy,Europe,25,$1B+,Tier 2
ACC-00826,Bruce-Williamson,Agriculture,France,Europe,10000,<$10M,Tier 3
ACC-00827,"Mccarthy, Evans and Mendez",Manufacturing,Germany,Europe,25,$10M-$50M,Tier 2
ACC-00828,Powers LLC,Manufacturing,India,WW,500,$10M-$50M,Tier 3
ACC-00829,Allen Inc,Financial Services,Kenya,AMEA,10000,$1B+,Tier 2
ACC-00830,Brooks and Sons,Financial Services,Saudi Arabia,AMEA,5000,$10M-$50M,Tier 2
ACC-00831,"Price, Carlson and Andrews",Manufacturing,Saudi Arabia,AMEA,500,$250M-$1B,Tier 1
ACC-00832,Lopez-Reid,Professional Services,Australia,APAC,50,$50M-$250M,Tier 1
ACC-00833,"Ellison, Arias and Thompson",Education,France,Europe,100,$10M-$50M,Tier 2
ACC-00834,Burns and Sons,Financial Services,Australia,WW,10000,$10M-$50M,Tier 3
ACC-00835,Edwards Group,Education,Kenya,AMEA,500,$1B+,Tier 3
ACC-00836,"Brown, Howard and Smith",Education,United States,WW,100,<$10M,Tier 1
ACC-00837,Lee Group,Education,United Arab Emirates,AMEA,10000,$50M-$250M,Tier 2
ACC-00838,"Wagner, Simpson and Cohen",Manufacturing,Kenya,AMEA,1000,<$10M,Tier 2
ACC-00839,Mckinney-Wallace,Manufacturing,Germany,WW,250,$1B+,Tier 3
ACC-00840,Miller Inc,Manufacturing,Singapore,APAC,1000,$1B+,Tier 2
ACC-00841,Carter LLC,Technology,Spain,Europe,500,$250M-$1B,Tier 3
ACC-00842,Medina and Sons,Financial Services,Singapore,APAC,5000,$1B+,Tier 3
ACC-00843,Cunningham-Barton,Technology,Germany,Europe,100,$50M-$250M,Tier 1
ACC-00844,Dunn-Wilson,Manufacturing,Kenya,AMEA,500,$1B+,Tier 3
ACC-00845,Adams PLC,Manufacturing,Spain,Europe,1000,$1B+,Tier 3
ACC-00846,Weaver-Sherman,Education,France,Europe,100,<$10M,Tier 1
ACC-00847,"Alexander, Robinson and Coleman",Agriculture,Singapore,APAC,50,$10M-$50M,Tier 1
ACC-00848,"Greer, Potter and Evans",Technology,Germany,Europe,50,$250M-$1B,Tier 3
ACC-00849,Cole LLC,Technology,Australia,WW,50,<$10M,Tier 2
ACC-00850,Gonzales Inc,Technology,Japan,APAC,500,$10M-$50M,Tier 1
ACC-00851,Clark Ltd,Education,South Africa,AMEA,100,$1B+,Tier 1
ACC-00852,"Norris, Callahan and Bishop",Technology,India,WW,1000,$250M-$1B,Tier 2
ACC-00853,Martin-Taylor,Professional Services,Saudi Arabia,AMEA,100,$1B+,Tier 1
ACC-00854,Li Inc,Agriculture,Italy,Europe,5000,$1B+,Tier 3
ACC-00855,"Bell, Campbell and Ryan",Manufacturing,Saudi Arabia,AMEA,250,<$10M,Tier 2
ACC-00856,Werner-Carter,Manufacturing,Saudi Arabia,AMEA,500,$10M-$50M,Tier 2
ACC-00857,"Adams, Hodge and Duke",Technology,Germany,WW,100,$50M-$250M,Tier 2
ACC-00858,"Ochoa, Taylor and Brady",Professional Services,Germany,Europe,10000,$250M-$1B,Tier 2
ACC-00859,Sellers-Riddle,Education,India,WW,250,<$10M,Tier 3
ACC-00860,"Martinez, Cline and Wright",Financial Services,Saudi Arabia,AMEA,5000,$250M-$1B,Tier 1
ACC-00861,"Morris, Wright and Bridges",Agriculture,Japan,APAC,5000,$10M-$50M,Tier 2
ACC-00862,Burns-Ray,Education,United Kingdom,WW,500,$50M-$250M,Tier 3
ACC-00863,Burton-Brooks,Education,South Africa,AMEA,50,$10M-$50M,Tier 1
ACC-00864,Schultz Inc,Technology,Saudi Arabia,AMEA,10000,$50M-$250M,Tier 3
ACC-00865,Robertson-Ramirez,Financial Services,Netherlands,Europe,25,$10M-$50M,Tier 1
ACC-00866,Gibson-Freeman,Financial Services,United States,WW,500,$50M-$250M,Tier 1
ACC-00867,"Smith, Schroeder and Oconnor",Agriculture,Germany,Europe,250,<$10M,Tier 1
ACC-00868,"Stanton, Reid and Terry",Education,United Kingdom,WW,1000,$250M-$1B,Tier 2
ACC-00869,Flynn Group,Manufacturing,Spain,Europe,25,$50M-$250M,Tier 1
ACC-00870,Donaldson and Sons,Technology,Singapore,APAC,5000,<$10M,Tier 3
ACC-00871,Adams-Clayton,Financial Services,France,Europe,500,$250M-$1B,Tier 1
ACC-00872,Kelley-Anderson,Agriculture,United Kingdom,WW,5000,$250M-$1B,Tier 1
ACC-00873,Kramer-Shannon,Financial Services,Australia,WW,50,$1B+,Tier 3
ACC-00874,Williams Ltd,Education,Japan,APAC,500,$50M-$250M,Tier 1
ACC-00875,Smith-Noble,Agriculture,Germany,WW,50,$50M-$250M,Tier 2
ACC-00876,Alexander Inc,Financial Services,Kenya,AMEA,25,$10M-$50M,Tier 1
ACC-00877,Harris-Barker,Agriculture,Japan,APAC,1000,<$10M,Tier 1
ACC-00878,Khan LLC,Professional Services,United Arab Emirates,AMEA,5000,$10M-$50M,Tier 1
ACC-00879,Baxter LLC,Professional Services,Australia,WW,100,$50M-$250M,Tier 1
ACC-00880,Pena LLC,Financial Services,Japan,APAC,50,$1B+,Tier 2
ACC-00881,Watson Ltd,Technology,India,WW,100,$1B+,Tier 1
ACC-00882,Williams Ltd,Education,Australia,APAC,1000,$1B+,Tier 3
ACC-00883,Barber-Fischer,Education,South Africa,AMEA,25,$250M-$1B,Tier 2
ACC-00884,Rios-Padilla,Manufacturing,India,APAC,10000,$250M-$1B,Tier 3
ACC-00885,Lewis Inc,Professional Services,Saudi Arabia,AMEA,250,$1B+,Tier 1
ACC-00886,Wheeler PLC,Manufacturing,Saudi Arabia,AMEA,500,$1B+,Tier 3
ACC-00887,"Wallace, Smith and Cooper",Technology,Australia,APAC,10000,$50M-$250M,Tier 2
ACC-00888,Mcneil Group,Education,United Arab Emirates,AMEA,5000,$10M-$50M,Tier 1
ACC-00889,"Anderson, Jones and Reyes",Professional Services,South Africa,AMEA,1000,<$10M,Tier 3
ACC-00890,"Shaffer, Garcia and Richardson",Financial Services,Italy,Europe,10000,$1B+,Tier 1
ACC-00891,Taylor-Ayala,Manufacturing,Saudi Arabia,AMEA,1000,<$10M,Tier 1
ACC-00892,May Ltd,Technology,United Kingdom,WW,100,<$10M,Tier 1
ACC-00893,Jones PLC,Education,United Kingdom,WW,50,<$10M,Tier 3
ACC-00894,Bishop and Sons,Agriculture,Spain,Europe,500,<$10M,Tier 2
ACC-00895,Bell-Lewis,Professional Services,India,APAC,25,$10M-$50M,Tier 3
ACC-00896,"Hernandez, Jenkins and Parks",Technology,Spain,Europe,25,$50M-$250M,Tier 3
ACC-00897,Miller Inc,Manufacturing,Germany,Europe,500,$1B+,Tier 1
ACC-00898,Goodwin PLC,Manufacturing,United States,WW,250,$1B+,Tier 1
ACC-00899,"Cruz, Richmond and Edwards",Agriculture,United Kingdom,WW,5000,$10M-$50M,Tier 1
ACC-00900,Wright Ltd,Professional Services,Australia,APAC,5000,<$10M,Tier 3
ACC-00901,Wright PLC,Agriculture,Saudi Arabia,AMEA,5000,<$10M,Tier 1
ACC-00902,"Griffith, Mitchell and Pugh",Professional Services,Japan,APAC,1000,$10M-$50M,Tier 3
ACC-00903,Abbott Ltd,Manufacturing,Netherlands,Europe,1000,$50M-$250M,Tier 2
ACC-00904,Harris-Lawson,Agriculture,Netherlands,Europe,250,$1B+,Tier 3
ACC-00905,Adkins LLC,Education,Singapore,APAC,1000,$250M-$1B,Tier 2
ACC-00906,"Brown, Hurst and Blevins",Technology,Germany,Europe,500,$1B+,Tier 1
ACC-00907,Cruz-Allen,Manufacturing,India,APAC,500,$10M-$50M,Tier 1
ACC-00908,"Wheeler, Rice and Levine",Technology,Kenya,AMEA,100,<$10M,Tier 1
ACC-00909,Peck-Anderson,Manufacturing,France,Europe,100,$50M-$250M,Tier 2
ACC-00910,"Fisher, Payne and Thompson",Financial Services,Singapore,APAC,500,<$10M,Tier 3
ACC-00911,Best-Townsend,Professional Services,France,Europe,50,$50M-$250M,Tier 2
ACC-00912,Matthews Inc,Education,India,APAC,500,<$10M,Tier 3
ACC-00913,Lewis-Livingston,Technology,Germany,Europe,1000,$50M-$250M,Tier 2
ACC-00914,Hunter-Fuller,Technology,France,Europe,25,$250M-$1B,Tier 1
ACC-00915,"Wang, Henderson and Morales",Professional Services,United Arab Emirates,AMEA,1000,$1B+,Tier 3
ACC-00916,"Herrera, Jensen and Ramirez",Manufacturing,Australia,APAC,100,<$10M,Tier 3
ACC-00917,Miller-Mccall,Education,Italy,Europe,50,$10M-$50M,Tier 2
ACC-00918,Herrera Group,Education,South Africa,AMEA,100,$50M-$250M,Tier 1
ACC-00919,"Walters, Davenport and Becker",Professional Services,Germany,Europe,5000,$50M-$250M,Tier 1
ACC-00920,Collins Group,Professional Services,Spain,Europe,100,$10M-$50M,Tier 2
ACC-00921,"Ashley, Allen and Sanchez",Education,Japan,APAC,250,$1B+,Tier 3
ACC-00922,Wilson-Salazar,Financial Services,India,APAC,500,$250M-$1B,Tier 2
ACC-00923,Parker Ltd,Technology,Australia,WW,5000,$50M-$250M,Tier 2
ACC-00924,"Yang, Wilson and Zimmerman",Manufacturing,Singapore,APAC,25,$50M-$250M,Tier 1
ACC-00925,"Smith, Crawford and Reed",Professional Services,Saudi Arabia,AMEA,100,$250M-$1B,Tier 1
ACC-00926,"Logan, Le and Jackson",Financial Services,Singapore,APAC,100,<$10M,Tier 1
ACC-00927,Brady LLC,Financial Services,Germany,WW,100,$50M-$250M,Tier 1
ACC-00928,"Tanner, Wise and Johnson",Agriculture,United Arab Emirates,AMEA,500,$250M-$1B,Tier 2
ACC-00929,Nelson-Brown,Manufacturing,United Kingdom,WW,250,$10M-$50M,Tier 3
ACC-00930,"Proctor, Burton and Crawford",Professional Services,Saudi Arabia,AMEA,100,<$10M,Tier 2
ACC-00931,"Ward, Porter and Bradley",Manufacturing,United Kingdom,WW,25,$50M-$250M,Tier 1
ACC-00932,Moore-Ayala,Technology,Saudi Arabia,AMEA,25,<$10M,Tier 2
ACC-00933,"Craig, Wilson and Yang",Agriculture,Kenya,AMEA,50,<$10M,Tier 2
ACC-00934,Williams Inc,Financial Services,Spain,Europe,50,$50M-$250M,Tier 2
ACC-00935,Williams LLC,Financial Services,United Kingdom,WW,10000,$1B+,Tier 3
ACC-00936,Mora-White,Technology,United Kingdom,WW,500,$50M-$250M,Tier 2
ACC-00937,Tran Ltd,Agriculture,France,Europe,25,$50M-$250M,Tier 3
ACC-00938,"Rios, Walker and Wright",Manufacturing,Kenya,AMEA,250,$1B+,Tier 2
ACC-00939,"Flores, Mckenzie and Duncan",Agriculture,India,WW,5000,<$10M,Tier 3
ACC-00940,Shaw Inc,Financial Services,South Africa,AMEA,1000,$250M-$1B,Tier 3
ACC-00941,Walker PLC,Technology,Japan,APAC,250,$250M-$1B,Tier 1
ACC-00942,Finley Inc,Education,Singapore,APAC,1000,$250M-$1B,Tier 3
ACC-00943,Cline-Ayala,Financial Services,Australia,APAC,250,$10M-$50M,Tier 2
ACC-00944,Murphy-Tran,Education,Australia,APAC,100,$50M-$250M,Tier 1
ACC-00945,Wood LLC,Financial Services,India,WW,100,<$10M,Tier 2
ACC-00946,"Mueller, Stevenson and Sanchez",Education,Netherlands,Europe,10000,$50M-$250M,Tier 1
ACC-00947,Vargas-Snyder,Technology,Australia,APAC,100,<$10M,Tier 3
ACC-00948,Oconnor PLC,Professional Services,South Africa,AMEA,250,$10M-$50M,Tier 3
ACC-00949,Hernandez Group,Manufacturing,United States,WW,10000,$10M-$50M,Tier 3
ACC-00950,Hall LLC,Agriculture,Netherlands,Europe,100,$250M-$1B,Tier 2
ACC-00951,"Franco, Wiley and Tapia",Financial Services,France,Europe,250,$10M-$50M,Tier 1
ACC-00952,Blake Group,Technology,Netherlands,Europe,5000,$10M-$50M,Tier 3
ACC-00953,"Acosta, Garcia and Moreno",Financial Services,India,APAC,100,$250M-$1B,Tier 3
ACC-00954,Barnes Inc,Agriculture,Netherlands,Europe,10000,$10M-$50M,Tier 2
ACC-00955,Dawson Inc,Technology,Italy,Europe,5000,$50M-$250M,Tier 2
ACC-00956,Morse PLC,Professional Services,United States,WW,10000,$250M-$1B,Tier 1
ACC-00957,Haynes-Watson,Professional Services,Japan,APAC,25,$1B+,Tier 2
ACC-00958,"Miller, Davis and Anderson",Financial Services,India,WW,10000,$250M-$1B,Tier 2
ACC-00959,Jones-Bradley,Education,South Africa,AMEA,5000,$50M-$250M,Tier 3
ACC-00960,Bates-Anderson,Agriculture,Germany,WW,100,$250M-$1B,Tier 3
ACC-00961,Green-Edwards,Technology,Italy,Europe,50,$10M-$50M,Tier 3
ACC-00962,Haynes-Moss,Education,Japan,APAC,1000,$250M-$1B,Tier 1
ACC-00963,Chavez-Hall,Education,Australia,APAC,10000,<$10M,Tier 2
ACC-00964,Taylor PLC,Agriculture,South Africa,AMEA,50,<$10M,Tier 1
ACC-00965,Moore and Sons,Agriculture,Netherlands,Europe,50,$1B+,Tier 3
ACC-00966,Owens-Russell,Agriculture,Italy,Europe,100,$250M-$1B,Tier 3
ACC-00967,"Howard, Townsend and Hayes",Technology,France,Europe,1000,$1B+,Tier 3
ACC-00968,Baker-Wilson,Financial Services,Australia,APAC,100,<$10M,Tier 2
ACC-00969,Aguirre LLC,Manufacturing,Saudi Arabia,AMEA,500,$10M-$50M,Tier 1
ACC-00970,"Terry, Williams and Huff",Financial Services,India,APAC,500,<$10M,Tier 2
ACC-00971,Hernandez-Dawson,Education,Italy,Europe,25,$1B+,Tier 2
ACC-00972,Foster-Williams,Financial Services,Japan,APAC,10000,$250M-$1B,Tier 2
ACC-00973,Green-Ewing,Professional Services,Germany,WW,25,$10M-$50M,Tier 3
ACC-00974,Crane Group,Professional Services,South Africa,AMEA,25,$10M-$50M,Tier 1
ACC-00975,"Adkins, Wright and Murray",Agriculture,India,WW,25,$10M-$50M,Tier 1
ACC-00976,Martinez Inc,Manufacturing,United Arab Emirates,AMEA,25,<$10M,Tier 2
ACC-00977,Anderson Group,Financial Services,Singapore,APAC,100,$250M-$1B,Tier 3
ACC-00978,Parks-Pace,Technology,United Arab Emirates,AMEA,500,$50M-$250M,Tier 2
ACC-00979,Aguilar LLC,Technology,Spain,Europe,50,$50M-$250M,Tier 2
ACC-00980,Johnson Inc,Technology,Singapore,APAC,1000,$1B+,Tier 2
ACC-00981,Orr Group,Agriculture,Australia,APAC,25,<$10M,Tier 3
ACC-00982,Davis LLC,Education,Germany,WW,500,$250M-$1B,Tier 3
ACC-00983,Williams Group,Manufacturing,Kenya,AMEA,100,$1B+,Tier 3
ACC-00984,Jackson PLC,Professional Services,Spain,Europe,10000,$10M-$50M,Tier 3
ACC-00985,Underwood-Foster,Agriculture,Singapore,APAC,250,<$10M,Tier 1
ACC-00986,Reyes Group,Education,United States,WW,250,$1B+,Tier 2
ACC-00987,Gomez and Sons,Technology,Netherlands,Europe,1000,$1B+,Tier 3
ACC-00988,Ramirez-Stephenson,Technology,Australia,APAC,500,$50M-$250M,Tier 1
ACC-00989,Mendez PLC,Manufacturing,Kenya,AMEA,25,<$10M,Tier 3
ACC-00990,Holland Group,Manufacturing,Saudi Arabia,AMEA,25,$10M-$50M,Tier 1
ACC-00991,Andrade-Mendoza,Manufacturing,Saudi Arabia,AMEA,10000,<$10M,Tier 3
ACC-00992,Ramirez and Sons,Education,Australia,APAC,10000,$1B+,Tier 2
ACC-00993,Gonzalez-Wilkerson,Education,Germany,Europe,500,$1B+,Tier 3
ACC-00994,"Wright, Mcknight and Stephens",Professional Services,United Arab Emirates,AMEA,250,$1B+,Tier 3
ACC-00995,Mayo Ltd,Manufacturing,United Arab Emirates,AMEA,100,$50M-$250M,Tier 1
ACC-00996,Castillo-Harrington,Education,South Africa,AMEA,5000,$10M-$50M,Tier 3
ACC-00997,Durham-Shaw,Manufacturing,India,WW,25,$50M-$250M,Tier 2
ACC-00998,Nelson-Johnson,Education,United Kingdom,WW,1000,$250M-$1B,Tier 2
ACC-00999,"Robinson, Huang and Osborne",Professional Services,Singapore,APAC,100,<$10M,Tier 2
ACC-01000,Stokes Group,Financial Services,United States,WW,10000,$1B+,Tier 1
