campaign_id,tenant_id,name,channel,campaign_type,status,start_date,end_date,budget
CMP-001,reetha,Reetha Campaign 001,LinkedIn,webinar,draft,2026-04-08,2026-04-18,50000
CMP-002,reetha,Reetha Campaign 002,Email,webinar,draft,2026-07-26,2026-08-03,10000
CMP-003,reetha,Reetha Campaign 003,Google Ads,course_promotion,completed,2026-08-25,2026-09-13,100000
CMP-004,reetha,Reetha Campaign 004,WhatsApp,lead_generation,draft,2026-08-15,2026-09-02,10000
CMP-005,reetha,Reetha Campaign 005,Meta,webinar,active,2026-01-12,2026-02-09,25000
CMP-006,reetha,Reetha Campaign 006,Instagram,webinar,completed,2026-08-10,2026-08-20,50000
CMP-007,reetha,Reetha Campaign 007,LinkedIn,lead_generation,draft,2026-02-11,2026-03-01,50000
CMP-008,reetha,Reetha Campaign 008,Email,lead_generation,draft,2026-06-29,2026-07-27,25000
CMP-009,reetha,Reetha Campaign 009,Meta,lead_generation,completed,2026-05-17,2026-06-16,75000
CMP-010,reetha,Reetha Campaign 010,Email,course_promotion,active,2026-03-11,2026-04-07,50000
CMP-011,reetha,Reetha Campaign 011,Meta,lead_generation,completed,2026-08-04,2026-08-12,75000
CMP-012,reetha,Reetha Campaign 012,Meta,course_promotion,draft,2026-03-10,2026-03-19,50000
CMP-013,reetha,Reetha Campaign 013,Instagram,webinar,draft,2026-02-24,2026-03-23,75000
CMP-014,reetha,Reetha Campaign 014,Meta,lead_generation,draft,2026-02-06,2026-02-21,100000
CMP-015,reetha,Reetha Campaign 015,Email,course_promotion,completed,2026-05-18,2026-06-02,100000
CMP-016,reetha,Reetha Campaign 016,Meta,lead_generation,draft,2026-04-13,2026-05-01,75000
CMP-017,reetha,Reetha Campaign 017,Organic Search,lead_generation,active,2026-01-24,2026-02-01,25000
CMP-018,reetha,Reetha Campaign 018,Instagram,course_promotion,active,2026-07-22,2026-08-19,75000
CMP-019,reetha,Reetha Campaign 019,Instagram,course_promotion,completed,2026-04-08,2026-05-04,100000
CMP-020,reetha,Reetha Campaign 020,Email,course_promotion,active,2026-08-09,2026-08-16,100000
