enrollment_id,tenant_id,lead_id,course_id,enrollment_status,enrollment_date,amount,payment_status
ENR-0001,reetha,LEAD-0065,CRS-006,completed,2026-09-27T00:00:00,12000,partial
ENR-0002,reetha,LEAD-0182,CRS-006,in_progress,2026-06-24T00:00:00,45000,partial
ENR-0003,reetha,LEAD-0070,CRS-011,in_progress,2026-03-19T00:00:00,12000,paid
ENR-0004,reetha,LEAD-0220,CRS-004,in_progress,2026-08-19T00:00:00,18000,partial
ENR-0005,reetha,LEAD-0008,CRS-004,in_progress,2026-10-02T00:00:00,30000,partial
ENR-0006,reetha,LEAD-0191,CRS-002,active,2026-05-06T00:00:00,30000,paid
ENR-0007,reetha,LEAD-0225,CRS-011,in_progress,2026-06-10T00:00:00,45000,partial
ENR-0008,reetha,LEAD-0045,CRS-005,in_progress,2026-10-17T00:00:00,25000,partial
ENR-0009,reetha,LEAD-0151,CRS-007,completed,2026-08-09T00:00:00,25000,paid
ENR-0010,reetha,LEAD-0149,CRS-009,in_progress,2026-02-11T00:00:00,25000,paid
ENR-0011,reetha,LEAD-0204,CRS-008,in_progress,2026-08-30T00:00:00,25000,partial
ENR-0012,reetha,LEAD-0249,CRS-001,completed,2026-03-18T00:00:00,18000,partial
ENR-0013,reetha,LEAD-0134,CRS-005,in_progress,2026-04-07T00:00:00,45000,paid
ENR-0014,reetha,LEAD-0125,CRS-005,active,2026-06-25T00:00:00,25000,paid
ENR-0015,reetha,LEAD-0011,CRS-004,completed,2026-09-10T00:00:00,45000,paid
ENR-0016,reetha,LEAD-0126,CRS-005,active,2026-02-17T00:00:00,30000,partial
ENR-0017,reetha,LEAD-0013,CRS-005,active,2026-01-21T00:00:00,25000,partial
ENR-0018,reetha,LEAD-0171,CRS-009,active,2026-10-05T00:00:00,12000,partial
ENR-0019,reetha,LEAD-0188,CRS-004,completed,2026-04-04T00:00:00,45000,paid
ENR-0020,reetha,LEAD-0057,CRS-001,completed,2026-06-18T00:00:00,25000,paid
ENR-0021,reetha,LEAD-0109,CRS-007,active,2026-08-06T00:00:00,25000,partial
ENR-0022,reetha,LEAD-0045,CRS-010,completed,2026-06-29T00:00:00,25000,paid
ENR-0023,reetha,LEAD-0065,CRS-003,completed,2026-05-03T00:00:00,45000,paid
ENR-0024,reetha,LEAD-0079,CRS-002,completed,2026-06-24T00:00:00,45000,partial
ENR-0025,reetha,LEAD-0097,CRS-007,active,2026-04-24T00:00:00,18000,partial
ENR-0026,reetha,LEAD-0129,CRS-011,in_progress,2026-06-30T00:00:00,25000,partial
ENR-0027,reetha,LEAD-0110,CRS-008,completed,2026-07-21T00:00:00,30000,partial
ENR-0028,reetha,LEAD-0234,CRS-009,active,2026-02-04T00:00:00,30000,paid
ENR-0029,reetha,LEAD-0158,CRS-005,active,2026-04-02T00:00:00,45000,partial
ENR-0030,reetha,LEAD-0159,CRS-009,in_progress,2026-03-27T00:00:00,25000,paid
ENR-0031,reetha,LEAD-0033,CRS-007,in_progress,2026-08-10T00:00:00,12000,partial
ENR-0032,reetha,LEAD-0118,CRS-001,active,2026-10-13T00:00:00,12000,partial
ENR-0033,reetha,LEAD-0086,CRS-010,active,2026-03-16T00:00:00,25000,partial
ENR-0034,reetha,LEAD-0222,CRS-001,active,2026-07-09T00:00:00,45000,paid
ENR-0035,reetha,LEAD-0133,CRS-003,in_progress,2026-05-05T00:00:00,30000,paid
ENR-0036,reetha,LEAD-0230,CRS-011,in_progress,2026-05-15T00:00:00,18000,partial
ENR-0037,reetha,LEAD-0185,CRS-001,completed,2026-06-29T00:00:00,45000,paid
ENR-0038,reetha,LEAD-0018,CRS-001,active,2026-03-20T00:00:00,45000,paid
ENR-0039,reetha,LEAD-0025,CRS-004,active,2026-10-14T00:00:00,12000,partial
ENR-0040,reetha,LEAD-0214,CRS-009,completed,2026-02-02T00:00:00,30000,paid
ENR-0041,reetha,LEAD-0077,CRS-007,completed,2026-03-24T00:00:00,18000,paid
ENR-0042,reetha,LEAD-0211,CRS-010,in_progress,2026-06-03T00:00:00,30000,paid
ENR-0043,reetha,LEAD-0038,CRS-011,active,2026-08-30T00:00:00,18000,paid
ENR-0044,reetha,LEAD-0044,CRS-009,in_progress,2026-05-24T00:00:00,45000,paid
ENR-0045,reetha,LEAD-0123,CRS-005,completed,2026-09-21T00:00:00,12000,partial
ENR-0046,reetha,LEAD-0171,CRS-005,completed,2026-07-28T00:00:00,30000,paid
ENR-0047,reetha,LEAD-0107,CRS-007,active,2026-09-15T00:00:00,12000,partial
ENR-0048,reetha,LEAD-0031,CRS-010,completed,2026-09-12T00:00:00,12000,partial
ENR-0049,reetha,LEAD-0166,CRS-011,in_progress,2026-02-07T00:00:00,45000,partial
ENR-0050,reetha,LEAD-0233,CRS-006,active,2026-02-11T00:00:00,30000,partial
