registration_id,tenant_id,lead_id,course_id,registration_type,status,registered_at,converted_at
REG-0001,reetha,LEAD-0234,CRS-004,webinar,registered,2026-07-15T00:00:00,
REG-0002,reetha,LEAD-0204,CRS-001,webinar,registered,2026-09-19T00:00:00,
REG-0003,reetha,LEAD-0246,CRS-011,demo,registered,2026-09-17T00:00:00,
REG-0004,reetha,LEAD-0097,CRS-006,counselling,attended,2026-08-13T00:00:00,
REG-0005,reetha,LEAD-0047,CRS-005,demo,registered,2026-04-03T00:00:00,
REG-0006,reetha,LEAD-0031,CRS-006,webinar,attended,2026-01-27T00:00:00,
REG-0007,reetha,LEAD-0041,CRS-009,counselling,attended,2026-01-13T00:00:00,
REG-0008,reetha,LEAD-0050,CRS-010,demo,cancelled,2026-03-14T00:00:00,
REG-0009,reetha,LEAD-0133,CRS-009,demo,registered,2026-01-22T00:00:00,
REG-0010,reetha,LEAD-0030,CRS-004,demo,attended,2026-07-16T00:00:00,
REG-0011,reetha,LEAD-0057,CRS-002,counselling,cancelled,2026-03-22T00:00:00,
REG-0012,reetha,LEAD-0069,CRS-005,webinar,registered,2026-03-16T00:00:00,
REG-0013,reetha,LEAD-0090,CRS-012,counselling,cancelled,2026-02-27T00:00:00,
REG-0014,reetha,LEAD-0120,CRS-012,webinar,attended,2026-06-10T00:00:00,
REG-0015,reetha,LEAD-0243,CRS-007,demo,attended,2026-09-30T00:00:00,
REG-0016,reetha,LEAD-0051,CRS-011,counselling,attended,2026-04-09T00:00:00,
REG-0017,reetha,LEAD-0027,CRS-010,counselling,attended,2026-07-31T00:00:00,
REG-0018,reetha,LEAD-0204,CRS-004,counselling,attended,2026-04-05T00:00:00,
REG-0019,reetha,LEAD-0227,CRS-008,webinar,cancelled,2026-08-20T00:00:00,
REG-0020,reetha,LEAD-0209,CRS-006,counselling,registered,2026-05-30T00:00:00,
REG-0021,reetha,LEAD-0110,CRS-004,counselling,attended,2026-07-26T00:00:00,
REG-0022,reetha,LEAD-0230,CRS-011,demo,attended,2026-07-21T00:00:00,
REG-0023,reetha,LEAD-0228,CRS-001,counselling,attended,2026-04-06T00:00:00,
REG-0024,reetha,LEAD-0076,CRS-010,counselling,cancelled,2026-08-08T00:00:00,
REG-0025,reetha,LEAD-0102,CRS-001,demo,registered,2026-07-10T00:00:00,
REG-0026,reetha,LEAD-0110,CRS-003,webinar,registered,2026-06-25T00:00:00,
REG-0027,reetha,LEAD-0056,CRS-011,webinar,attended,2026-02-17T00:00:00,
REG-0028,reetha,LEAD-0200,CRS-006,demo,registered,2026-03-26T00:00:00,
REG-0029,reetha,LEAD-0177,CRS-001,counselling,attended,2026-06-23T00:00:00,
REG-0030,reetha,LEAD-0120,CRS-010,webinar,registered,2026-04-30T00:00:00,
REG-0031,reetha,LEAD-0099,CRS-005,counselling,registered,2026-02-13T00:00:00,
REG-0032,reetha,LEAD-0056,CRS-002,counselling,attended,2026-10-07T00:00:00,
REG-0033,reetha,LEAD-0147,CRS-011,webinar,cancelled,2026-02-18T00:00:00,
REG-0034,reetha,LEAD-0082,CRS-006,demo,registered,2026-08-21T00:00:00,
REG-0035,reetha,LEAD-0206,CRS-008,webinar,registered,2026-02-05T00:00:00,
REG-0036,reetha,LEAD-0108,CRS-002,demo,attended,2026-05-31T00:00:00,
REG-0037,reetha,LEAD-0154,CRS-006,counselling,attended,2026-04-08T00:00:00,
REG-0038,reetha,LEAD-0148,CRS-001,webinar,registered,2026-05-12T00:00:00,
REG-0039,reetha,LEAD-0234,CRS-008,webinar,registered,2026-01-13T00:00:00,
REG-0040,reetha,LEAD-0010,CRS-009,counselling,registered,2026-08-05T00:00:00,
REG-0041,reetha,LEAD-0166,CRS-001,demo,attended,2026-07-02T00:00:00,
REG-0042,reetha,LEAD-0213,CRS-007,counselling,attended,2026-02-28T00:00:00,
REG-0043,reetha,LEAD-0082,CRS-006,webinar,registered,2026-05-31T00:00:00,
REG-0044,reetha,LEAD-0127,CRS-010,demo,attended,2026-06-20T00:00:00,
REG-0045,reetha,LEAD-0179,CRS-008,webinar,cancelled,2026-06-12T00:00:00,
REG-0046,reetha,LEAD-0216,CRS-006,counselling,registered,2026-03-14T00:00:00,
REG-0047,reetha,LEAD-0058,CRS-001,demo,registered,2026-01-25T00:00:00,
REG-0048,reetha,LEAD-0083,CRS-012,counselling,attended,2026-03-05T00:00:00,
REG-0049,reetha,LEAD-0044,CRS-002,demo,cancelled,2026-05-06T00:00:00,
REG-0050,reetha,LEAD-0209,CRS-009,demo,cancelled,2026-07-18T00:00:00,
REG-0051,reetha,LEAD-0067,CRS-001,demo,registered,2026-02-06T00:00:00,
REG-0052,reetha,LEAD-0020,CRS-005,webinar,cancelled,2026-06-15T00:00:00,
REG-0053,reetha,LEAD-0070,CRS-012,demo,registered,2026-07-24T00:00:00,
REG-0054,reetha,LEAD-0031,CRS-003,webinar,registered,2026-09-03T00:00:00,
REG-0055,reetha,LEAD-0164,CRS-008,counselling,registered,2026-08-10T00:00:00,
REG-0056,reetha,LEAD-0136,CRS-004,counselling,attended,2026-10-05T00:00:00,
REG-0057,reetha,LEAD-0250,CRS-005,webinar,cancelled,2026-09-18T00:00:00,
REG-0058,reetha,LEAD-0058,CRS-002,webinar,attended,2026-09-15T00:00:00,
REG-0059,reetha,LEAD-0091,CRS-009,demo,cancelled,2026-02-22T00:00:00,
REG-0060,reetha,LEAD-0178,CRS-002,demo,attended,2026-04-26T00:00:00,
REG-0061,reetha,LEAD-0055,CRS-001,counselling,registered,2026-02-10T00:00:00,
REG-0062,reetha,LEAD-0210,CRS-007,demo,attended,2026-09-07T00:00:00,
REG-0063,reetha,LEAD-0088,CRS-004,counselling,cancelled,2026-03-05T00:00:00,
REG-0064,reetha,LEAD-0220,CRS-006,webinar,cancelled,2026-10-01T00:00:00,
REG-0065,reetha,LEAD-0168,CRS-003,counselling,registered,2026-08-31T00:00:00,
REG-0066,reetha,LEAD-0057,CRS-006,webinar,attended,2026-03-18T00:00:00,
REG-0067,reetha,LEAD-0052,CRS-007,demo,registered,2026-09-30T00:00:00,
REG-0068,reetha,LEAD-0109,CRS-003,counselling,attended,2026-06-02T00:00:00,
REG-0069,reetha,LEAD-0038,CRS-008,demo,cancelled,2026-03-04T00:00:00,
REG-0070,reetha,LEAD-0062,CRS-001,webinar,registered,2026-03-08T00:00:00,
REG-0071,reetha,LEAD-0008,CRS-008,counselling,cancelled,2026-05-27T00:00:00,
REG-0072,reetha,LEAD-0091,CRS-005,demo,cancelled,2026-08-30T00:00:00,
REG-0073,reetha,LEAD-0091,CRS-007,demo,registered,2026-02-23T00:00:00,
REG-0074,reetha,LEAD-0129,CRS-007,counselling,attended,2026-08-02T00:00:00,
REG-0075,reetha,LEAD-0113,CRS-005,webinar,registered,2026-02-07T00:00:00,
REG-0076,reetha,LEAD-0167,CRS-007,counselling,attended,2026-02-05T00:00:00,
REG-0077,reetha,LEAD-0076,CRS-004,webinar,registered,2026-04-20T00:00:00,
REG-0078,reetha,LEAD-0136,CRS-010,webinar,cancelled,2026-06-01T00:00:00,
REG-0079,reetha,LEAD-0028,CRS-011,demo,cancelled,2026-08-20T00:00:00,
REG-0080,reetha,LEAD-0246,CRS-002,demo,registered,2026-05-18T00:00:00,
REG-0081,reetha,LEAD-0230,CRS-001,counselling,attended,2026-02-07T00:00:00,
REG-0082,reetha,LEAD-0017,CRS-009,demo,attended,2026-05-13T00:00:00,
REG-0083,reetha,LEAD-0226,CRS-010,counselling,cancelled,2026-05-06T00:00:00,
REG-0084,reetha,LEAD-0101,CRS-007,demo,registered,2026-08-06T00:00:00,
REG-0085,reetha,LEAD-0127,CRS-004,demo,registered,2026-05-28T00:00:00,
REG-0086,reetha,LEAD-0164,CRS-005,counselling,cancelled,2026-07-07T00:00:00,
REG-0087,reetha,LEAD-0188,CRS-001,demo,registered,2026-06-07T00:00:00,
REG-0088,reetha,LEAD-0233,CRS-012,counselling,attended,2026-09-25T00:00:00,
REG-0089,reetha,LEAD-0219,CRS-012,demo,registered,2026-06-16T00:00:00,
REG-0090,reetha,LEAD-0175,CRS-002,demo,registered,2026-06-21T00:00:00,
REG-0091,reetha,LEAD-0231,CRS-008,demo,registered,2026-06-30T00:00:00,
REG-0092,reetha,LEAD-0110,CRS-006,demo,registered,2026-09-10T00:00:00,
REG-0093,reetha,LEAD-0226,CRS-002,demo,cancelled,2026-05-26T00:00:00,
REG-0094,reetha,LEAD-0153,CRS-006,webinar,cancelled,2026-01-15T00:00:00,
REG-0095,reetha,LEAD-0126,CRS-004,webinar,registered,2026-01-11T00:00:00,
REG-0096,reetha,LEAD-0210,CRS-001,counselling,cancelled,2026-02-03T00:00:00,
REG-0097,reetha,LEAD-0214,CRS-004,counselling,cancelled,2026-06-08T00:00:00,
REG-0098,reetha,LEAD-0194,CRS-003,demo,registered,2026-04-06T00:00:00,
REG-0099,reetha,LEAD-0206,CRS-012,webinar,attended,2026-06-15T00:00:00,
REG-0100,reetha,LEAD-0189,CRS-006,counselling,attended,2026-09-19T00:00:00,
